pdf,statement,page,section,label,note,col,value
CCAA_consolidadas_FY2021.pdf,pyg,18,,(Cifras en millones de euros) (Notas),,current,2021.0
CCAA_consolidadas_FY2021.pdf,pyg,18,,(Cifras en millones de euros) (Notas),,prior,2020.0
CCAA_consolidadas_FY2021.pdf,pyg,18,,Ventas,3,current,27716.0
CCAA_consolidadas_FY2021.pdf,pyg,18,,Ventas,3,prior,20402.0
CCAA_consolidadas_FY2021.pdf,pyg,18,,Coste de la mercancía,4,current,-11902.0
CCAA_consolidadas_FY2021.pdf,pyg,18,,Coste de la mercancía,4,prior,-9013.0
CCAA_consolidadas_FY2021.pdf,pyg,18,,MARGEN BRUTO,,current,15814.0
CCAA_consolidadas_FY2021.pdf,pyg,18,,MARGEN BRUTO,,prior,11390.0
CCAA_consolidadas_FY2021.pdf,pyg,18,,Gastos de explotación,5,current,-8596.0
CCAA_consolidadas_FY2021.pdf,pyg,18,,Gastos de explotación,5,prior,-6807.0
CCAA_consolidadas_FY2021.pdf,pyg,18,,Otras pérdidas y ganancias netas,6,current,-35.0
CCAA_consolidadas_FY2021.pdf,pyg,18,,Otras pérdidas y ganancias netas,6,prior,-31.0
CCAA_consolidadas_FY2021.pdf,pyg,18,,RESULTADO OPERATIVO (EBITDA),,current,7183.0
CCAA_consolidadas_FY2021.pdf,pyg,18,,RESULTADO OPERATIVO (EBITDA),,prior,4552.0
CCAA_consolidadas_FY2021.pdf,pyg,18,,Amortizaciones y depreciaciones,7,current,-2901.0
CCAA_consolidadas_FY2021.pdf,pyg,18,,Amortizaciones y depreciaciones,7,prior,-3045.0
CCAA_consolidadas_FY2021.pdf,pyg,18,,RESULTADOS DE EXPLOTACIÓN (EBIT),,current,4282.0
CCAA_consolidadas_FY2021.pdf,pyg,18,,RESULTADOS DE EXPLOTACIÓN (EBIT),,prior,1507.0
CCAA_consolidadas_FY2021.pdf,pyg,18,,Resultados financieros,8,current,-142.0
CCAA_consolidadas_FY2021.pdf,pyg,18,,Resultados financieros,8,prior,-139.0
CCAA_consolidadas_FY2021.pdf,pyg,18,,Resultados por puesta en equivalencia,17,current,58.0
CCAA_consolidadas_FY2021.pdf,pyg,18,,Resultados por puesta en equivalencia,17,prior,33.0
CCAA_consolidadas_FY2021.pdf,pyg,18,,RESULTADOS ANTES DE IMPUESTOS,,current,4199.0
CCAA_consolidadas_FY2021.pdf,pyg,18,,RESULTADOS ANTES DE IMPUESTOS,,prior,1401.0
CCAA_consolidadas_FY2021.pdf,pyg,18,,Impuesto sobre beneficios,24,current,-949.0
CCAA_consolidadas_FY2021.pdf,pyg,18,,Impuesto sobre beneficios,24,prior,-297.0
CCAA_consolidadas_FY2021.pdf,pyg,18,,RESULTADO NETO DEL EJERCICIO,,current,3250.0
CCAA_consolidadas_FY2021.pdf,pyg,18,,RESULTADO NETO DEL EJERCICIO,,prior,1104.0
CCAA_consolidadas_FY2021.pdf,pyg,18,,RESULTADO ATRIBUIDO A ACCIONISTAS MINORITARIOS,,current,7.0
CCAA_consolidadas_FY2021.pdf,pyg,18,,RESULTADO ATRIBUIDO A ACCIONISTAS MINORITARIOS,,prior,-2.0
CCAA_consolidadas_FY2021.pdf,pyg,18,,RESULTADO NETO ATRIBUIDO A LA DOMINANTE,,current,3243.0
CCAA_consolidadas_FY2021.pdf,pyg,18,,RESULTADO NETO ATRIBUIDO A LA DOMINANTE,,prior,1106.0
CCAA_consolidadas_FY2021.pdf,pyg,18,,"BENEFICIO POR ACCIÓN, en euros",9,current,1.042
CCAA_consolidadas_FY2021.pdf,pyg,18,,"BENEFICIO POR ACCIÓN, en euros",9,prior,0.355
CCAA_consolidadas_FY2021.pdf,balance,22,ACTIVOS NO CORRIENTES,ACTIVOS NO CORRIENTES,,current,15343.0
CCAA_consolidadas_FY2021.pdf,balance,22,ACTIVOS NO CORRIENTES,ACTIVOS NO CORRIENTES,,prior,15460.0
CCAA_consolidadas_FY2021.pdf,balance,22,ACTIVOS NO CORRIENTES,Derecho de uso,15,current,5224.0
CCAA_consolidadas_FY2021.pdf,balance,22,ACTIVOS NO CORRIENTES,Derecho de uso,15,prior,5477.0
CCAA_consolidadas_FY2021.pdf,balance,22,ACTIVOS NO CORRIENTES,Otros activos intangibles,14,current,589.0
CCAA_consolidadas_FY2021.pdf,balance,22,ACTIVOS NO CORRIENTES,Otros activos intangibles,14,prior,444.0
CCAA_consolidadas_FY2021.pdf,balance,22,ACTIVOS NO CORRIENTES,Fondo de comercio,16,current,202.0
CCAA_consolidadas_FY2021.pdf,balance,22,ACTIVOS NO CORRIENTES,Fondo de comercio,16,prior,201.0
CCAA_consolidadas_FY2021.pdf,balance,22,ACTIVOS NO CORRIENTES,Inmovilizado material,13,current,7481.0
CCAA_consolidadas_FY2021.pdf,balance,22,ACTIVOS NO CORRIENTES,Inmovilizado material,13,prior,7401.0
CCAA_consolidadas_FY2021.pdf,balance,22,ACTIVOS NO CORRIENTES,Propiedades de inversión,,current,21.0
CCAA_consolidadas_FY2021.pdf,balance,22,ACTIVOS NO CORRIENTES,Propiedades de inversión,,prior,21.0
CCAA_consolidadas_FY2021.pdf,balance,22,ACTIVOS NO CORRIENTES,Inversiones financieras,17,current,307.0
CCAA_consolidadas_FY2021.pdf,balance,22,ACTIVOS NO CORRIENTES,Inversiones financieras,17,prior,261.0
CCAA_consolidadas_FY2021.pdf,balance,22,ACTIVOS NO CORRIENTES,Otros activos no corrientes,18,current,340.0
CCAA_consolidadas_FY2021.pdf,balance,22,ACTIVOS NO CORRIENTES,Otros activos no corrientes,18,prior,380.0
CCAA_consolidadas_FY2021.pdf,balance,22,ACTIVOS NO CORRIENTES,Activos por impuestos diferidos,24,current,1179.0
CCAA_consolidadas_FY2021.pdf,balance,22,ACTIVOS NO CORRIENTES,Activos por impuestos diferidos,24,prior,1276.0
CCAA_consolidadas_FY2021.pdf,balance,22,ACTIVOS CORRIENTES,ACTIVOS CORRIENTES,,current,13602.0
CCAA_consolidadas_FY2021.pdf,balance,22,ACTIVOS CORRIENTES,ACTIVOS CORRIENTES,,prior,10957.0
CCAA_consolidadas_FY2021.pdf,balance,22,ACTIVOS CORRIENTES,Existencias,12,current,3042.0
CCAA_consolidadas_FY2021.pdf,balance,22,ACTIVOS CORRIENTES,Existencias,12,prior,2321.0
CCAA_consolidadas_FY2021.pdf,balance,22,ACTIVOS CORRIENTES,Deudores,11,current,842.0
CCAA_consolidadas_FY2021.pdf,balance,22,ACTIVOS CORRIENTES,Deudores,11,prior,715.0
CCAA_consolidadas_FY2021.pdf,balance,22,ACTIVOS CORRIENTES,Activos por Impuestos sobre Beneficios corriente,24,current,219.0
CCAA_consolidadas_FY2021.pdf,balance,22,ACTIVOS CORRIENTES,Activos por Impuestos sobre Beneficios corriente,24,prior,257.0
CCAA_consolidadas_FY2021.pdf,balance,22,ACTIVOS CORRIENTES,Otros activos corrientes,,current,82.0
CCAA_consolidadas_FY2021.pdf,balance,22,ACTIVOS CORRIENTES,Otros activos corrientes,,prior,88.0
CCAA_consolidadas_FY2021.pdf,balance,22,ACTIVOS CORRIENTES,Otros activos financieros,25,current,22.0
CCAA_consolidadas_FY2021.pdf,balance,22,ACTIVOS CORRIENTES,Otros activos financieros,25,prior,2.0
CCAA_consolidadas_FY2021.pdf,balance,22,ACTIVOS CORRIENTES,Inversiones Financieras Temporales,20,current,2374.0
CCAA_consolidadas_FY2021.pdf,balance,22,ACTIVOS CORRIENTES,Inversiones Financieras Temporales,20,prior,176.0
CCAA_consolidadas_FY2021.pdf,balance,22,ACTIVOS CORRIENTES,Efectivo y equivalentes,20,current,7021.0
CCAA_consolidadas_FY2021.pdf,balance,22,ACTIVOS CORRIENTES,Efectivo y equivalentes,20,prior,7398.0
CCAA_consolidadas_FY2021.pdf,balance,22,ACTIVOS CORRIENTES,TOTAL ACTIVO,,current,28945.0
CCAA_consolidadas_FY2021.pdf,balance,22,ACTIVOS CORRIENTES,TOTAL ACTIVO,,prior,26418.0
CCAA_consolidadas_FY2021.pdf,balance,22,PATRIMONIO NETO,PATRIMONIO NETO,,current,15759.0
CCAA_consolidadas_FY2021.pdf,balance,22,PATRIMONIO NETO,PATRIMONIO NETO,,prior,14550.0
CCAA_consolidadas_FY2021.pdf,balance,22,PATRIMONIO NETO,Patrimonio neto atribuido a la dominante,,current,15733.0
CCAA_consolidadas_FY2021.pdf,balance,22,PATRIMONIO NETO,Patrimonio neto atribuido a la dominante,,prior,14520.0
CCAA_consolidadas_FY2021.pdf,balance,22,PATRIMONIO NETO,Patrimonio neto atribuido a los minoritarios,,current,26.0
CCAA_consolidadas_FY2021.pdf,balance,22,PATRIMONIO NETO,Patrimonio neto atribuido a los minoritarios,,prior,30.0
CCAA_consolidadas_FY2021.pdf,balance,22,PASIVOS NO CORRIENTES,PASIVOS NO CORRIENTES,,current,5157.0
CCAA_consolidadas_FY2021.pdf,balance,22,PASIVOS NO CORRIENTES,PASIVOS NO CORRIENTES,,prior,5529.0
CCAA_consolidadas_FY2021.pdf,balance,22,PASIVOS NO CORRIENTES,Provisiones,21,current,287.0
CCAA_consolidadas_FY2021.pdf,balance,22,PASIVOS NO CORRIENTES,Provisiones,21,prior,252.0
CCAA_consolidadas_FY2021.pdf,balance,22,PASIVOS NO CORRIENTES,Otros pasivos a largo plazo,22,current,248.0
CCAA_consolidadas_FY2021.pdf,balance,22,PASIVOS NO CORRIENTES,Otros pasivos a largo plazo,22,prior,280.0
CCAA_consolidadas_FY2021.pdf,balance,22,PASIVOS NO CORRIENTES,Deuda financiera,20,current,1.0
CCAA_consolidadas_FY2021.pdf,balance,22,PASIVOS NO CORRIENTES,Deuda financiera,20,prior,3.0
CCAA_consolidadas_FY2021.pdf,balance,22,PASIVOS NO CORRIENTES,Pasivo por arrendamiento a largo plazo,15,current,4262.0
CCAA_consolidadas_FY2021.pdf,balance,22,PASIVOS NO CORRIENTES,Pasivo por arrendamiento a largo plazo,15,prior,4599.0
CCAA_consolidadas_FY2021.pdf,balance,22,PASIVOS NO CORRIENTES,Pasivos por impuestos diferidos,24,current,359.0
CCAA_consolidadas_FY2021.pdf,balance,22,PASIVOS NO CORRIENTES,Pasivos por impuestos diferidos,24,prior,396.0
CCAA_consolidadas_FY2021.pdf,balance,22,PASIVOS CORRIENTES,PASIVOS CORRIENTES,,current,8030.0
CCAA_consolidadas_FY2021.pdf,balance,22,PASIVOS CORRIENTES,PASIVOS CORRIENTES,,prior,6338.0
CCAA_consolidadas_FY2021.pdf,balance,22,PASIVOS CORRIENTES,Deuda financiera,20,current,35.0
CCAA_consolidadas_FY2021.pdf,balance,22,PASIVOS CORRIENTES,Deuda financiera,20,prior,11.0
CCAA_consolidadas_FY2021.pdf,balance,22,PASIVOS CORRIENTES,Otros pasivos financieros,25,current,22.0
CCAA_consolidadas_FY2021.pdf,balance,22,PASIVOS CORRIENTES,Otros pasivos financieros,25,prior,27.0
CCAA_consolidadas_FY2021.pdf,balance,22,PASIVOS CORRIENTES,Pasivo por arrendamiento a corto plazo,15,current,1562.0
CCAA_consolidadas_FY2021.pdf,balance,22,PASIVOS CORRIENTES,Pasivo por arrendamiento a corto plazo,15,prior,1552.0
CCAA_consolidadas_FY2021.pdf,balance,22,PASIVOS CORRIENTES,Pasivos por Impuestos sobre Beneficios corriente,24,current,211.0
CCAA_consolidadas_FY2021.pdf,balance,22,PASIVOS CORRIENTES,Pasivos por Impuestos sobre Beneficios corriente,24,prior,88.0
CCAA_consolidadas_FY2021.pdf,balance,22,PASIVOS CORRIENTES,Acreedores,19,current,6199.0
CCAA_consolidadas_FY2021.pdf,balance,22,PASIVOS CORRIENTES,Acreedores,19,prior,4659.0
CCAA_consolidadas_FY2021.pdf,balance,22,PASIVOS CORRIENTES,TOTAL PASIVO Y PATRIMONIO NETO,,current,28945.0
CCAA_consolidadas_FY2021.pdf,balance,22,PASIVOS CORRIENTES,TOTAL PASIVO Y PATRIMONIO NETO,,prior,26418.0
CCAA_consolidadas_FY2021.pdf,flujos,24,,(Cifras en millones de euros) (Notas),,current,2021.0
CCAA_consolidadas_FY2021.pdf,flujos,24,,(Cifras en millones de euros) (Notas),,prior,2020.0
CCAA_consolidadas_FY2021.pdf,flujos,24,,Resultado antes de impuestos y minoritarios,,current,4199.0
CCAA_consolidadas_FY2021.pdf,flujos,24,,Resultado antes de impuestos y minoritarios,,prior,1401.0
CCAA_consolidadas_FY2021.pdf,flujos,24,,Amortizaciones y depreciaciones,7,current,2901.0
CCAA_consolidadas_FY2021.pdf,flujos,24,,Amortizaciones y depreciaciones,7,prior,3045.0
CCAA_consolidadas_FY2021.pdf,flujos,24,,Provisiones por deterioro de valor,,current,51.0
CCAA_consolidadas_FY2021.pdf,flujos,24,,Provisiones por deterioro de valor,,prior,-223.0
CCAA_consolidadas_FY2021.pdf,flujos,24,,Resultados por puesta en equivalencia,17,current,-58.0
CCAA_consolidadas_FY2021.pdf,flujos,24,,Resultados por puesta en equivalencia,17,prior,-33.0
CCAA_consolidadas_FY2021.pdf,flujos,24,,Gasto financiero por arrendamiento,8,current,92.0
CCAA_consolidadas_FY2021.pdf,flujos,24,,Gasto financiero por arrendamiento,8,prior,120.0
CCAA_consolidadas_FY2021.pdf,flujos,24,,Otros,,current,81.0
CCAA_consolidadas_FY2021.pdf,flujos,24,,Otros,,prior,6.0
CCAA_consolidadas_FY2021.pdf,flujos,24,,Impuesto sobre beneficios pagado,,current,-734.0
CCAA_consolidadas_FY2021.pdf,flujos,24,,Impuesto sobre beneficios pagado,,prior,-452.0
CCAA_consolidadas_FY2021.pdf,flujos,24,,Flujos generados,,current,6530.0
CCAA_consolidadas_FY2021.pdf,flujos,24,,Flujos generados,,prior,3864.0
CCAA_consolidadas_FY2021.pdf,flujos,24,,Existencias,,current,-759.0
CCAA_consolidadas_FY2021.pdf,flujos,24,,Existencias,,prior,93.0
CCAA_consolidadas_FY2021.pdf,flujos,24,,Deudores y otros activos corrientes,,current,-154.0
CCAA_consolidadas_FY2021.pdf,flujos,24,,Deudores y otros activos corrientes,,prior,34.0
CCAA_consolidadas_FY2021.pdf,flujos,24,,Acreedores a corto plazo,,current,1136.0
CCAA_consolidadas_FY2021.pdf,flujos,24,,Acreedores a corto plazo,,prior,-974.0
CCAA_consolidadas_FY2021.pdf,flujos,24,,Variación del circulante,,current,223.0
CCAA_consolidadas_FY2021.pdf,flujos,24,,Variación del circulante,,prior,-847.0
CCAA_consolidadas_FY2021.pdf,flujos,24,,Flujos derivados de las actividades de explotación,,current,6754.0
CCAA_consolidadas_FY2021.pdf,flujos,24,,Flujos derivados de las actividades de explotación,,prior,3017.0
CCAA_consolidadas_FY2021.pdf,flujos,24,,Pagos por inversiones en inmovilizado intangible,,current,-460.0
CCAA_consolidadas_FY2021.pdf,flujos,24,,Pagos por inversiones en inmovilizado intangible,,prior,-241.0
CCAA_consolidadas_FY2021.pdf,flujos,24,,Pagos por inversiones en inmovilizado material,,current,-666.0
CCAA_consolidadas_FY2021.pdf,flujos,24,,Pagos por inversiones en inmovilizado material,,prior,-467.0
CCAA_consolidadas_FY2021.pdf,flujos,24,,Cobros por inversiones en otro inmovilizado financiero,,current,25.0
CCAA_consolidadas_FY2021.pdf,flujos,24,,Cobros por inversiones en otro inmovilizado financiero,,prior,12.0
CCAA_consolidadas_FY2021.pdf,flujos,24,,Pagos por inversiones en otros activos,18,current,-8.0
CCAA_consolidadas_FY2021.pdf,flujos,24,,Pagos por inversiones en otros activos,18,prior,-6.0
CCAA_consolidadas_FY2021.pdf,flujos,24,,Cobros por inversiones en otros activos,18,current,54.0
CCAA_consolidadas_FY2021.pdf,flujos,24,,Cobros por inversiones en otros activos,18,prior,42.0
CCAA_consolidadas_FY2021.pdf,flujos,24,,Variaciones de inversiones financieras temporales,,current,-2198.0
CCAA_consolidadas_FY2021.pdf,flujos,24,,Variaciones de inversiones financieras temporales,,prior,3143.0
CCAA_consolidadas_FY2021.pdf,flujos,24,,Flujos derivados de actividades de inversión,,current,-3253.0
CCAA_consolidadas_FY2021.pdf,flujos,24,,Flujos derivados de actividades de inversión,,prior,2514.0
CCAA_consolidadas_FY2021.pdf,flujos,24,,Pagos por endeudamiento financiero a largo plazo,,current,-5.0
CCAA_consolidadas_FY2021.pdf,flujos,24,,Pagos por endeudamiento financiero a largo plazo,,prior,-6.0
CCAA_consolidadas_FY2021.pdf,flujos,24,,Variación endeudamiento financiero a corto plazo,,current,27.0
CCAA_consolidadas_FY2021.pdf,flujos,24,,Variación endeudamiento financiero a corto plazo,,prior,-17.0
CCAA_consolidadas_FY2021.pdf,flujos,24,,Pagos por arrendamiento renta fija,,current,-1668.0
CCAA_consolidadas_FY2021.pdf,flujos,24,,Pagos por arrendamiento renta fija,,prior,-1673.0
CCAA_consolidadas_FY2021.pdf,flujos,24,,Dividendos,,current,-2192.0
CCAA_consolidadas_FY2021.pdf,flujos,24,,Dividendos,,prior,-1090.0
CCAA_consolidadas_FY2021.pdf,flujos,24,,Flujos empleados en actividades de financiación,,current,-3909.0
CCAA_consolidadas_FY2021.pdf,flujos,24,,Flujos empleados en actividades de financiación,,prior,-2786.0
CCAA_consolidadas_FY2021.pdf,flujos,24,,Variación neta de efectivo y equivalentes,,current,-408.0
CCAA_consolidadas_FY2021.pdf,flujos,24,,Variación neta de efectivo y equivalentes,,prior,2745.0
CCAA_consolidadas_FY2021.pdf,flujos,24,,Efectivo y equivalentes al inicio del ejercicio,20,current,7398.0
CCAA_consolidadas_FY2021.pdf,flujos,24,,Efectivo y equivalentes al inicio del ejercicio,20,prior,4780.0
CCAA_consolidadas_FY2021.pdf,flujos,24,,Efectos de las variaciones en los tipos de cambio en el efectivo y equivalentes,,current,31.0
CCAA_consolidadas_FY2021.pdf,flujos,24,,Efectos de las variaciones en los tipos de cambio en el efectivo y equivalentes,,prior,-127.0
CCAA_consolidadas_FY2021.pdf,flujos,24,,Efectivo y equivalentes al cierre del ejercicio,20,current,7021.0
CCAA_consolidadas_FY2021.pdf,flujos,24,,Efectivo y equivalentes al cierre del ejercicio,20,prior,7398.0
CCAA_consolidadas_FY2022.pdf,pyg,14,,(Cifras en millones de euros) (Notas),,current,2022.0
CCAA_consolidadas_FY2022.pdf,pyg,14,,(Cifras en millones de euros) (Notas),,prior,2021.0
CCAA_consolidadas_FY2022.pdf,pyg,14,,Ventas,4,current,32569.0
CCAA_consolidadas_FY2022.pdf,pyg,14,,Ventas,4,prior,27716.0
CCAA_consolidadas_FY2022.pdf,pyg,14,,Coste de la mercancía,5,current,-14011.0
CCAA_consolidadas_FY2022.pdf,pyg,14,,Coste de la mercancía,5,prior,-11902.0
CCAA_consolidadas_FY2022.pdf,pyg,14,,MARGEN BRUTO,,current,18559.0
CCAA_consolidadas_FY2022.pdf,pyg,14,,MARGEN BRUTO,,prior,15814.0
CCAA_consolidadas_FY2022.pdf,pyg,14,,Gastos de explotación,6,current,-9867.0
CCAA_consolidadas_FY2022.pdf,pyg,14,,Gastos de explotación,6,prior,-8596.0
CCAA_consolidadas_FY2022.pdf,pyg,14,,Otras pérdidas y ganancias netas,7,current,-43.0
CCAA_consolidadas_FY2022.pdf,pyg,14,,Otras pérdidas y ganancias netas,7,prior,-35.0
CCAA_consolidadas_FY2022.pdf,pyg,14,,RESULTADO OPERATIVO (EBITDA),,current,8649.0
CCAA_consolidadas_FY2022.pdf,pyg,14,,RESULTADO OPERATIVO (EBITDA),,prior,7183.0
CCAA_consolidadas_FY2022.pdf,pyg,14,,Otros resultados,33,current,-231.0
CCAA_consolidadas_FY2022.pdf,pyg,14,,Otros resultados,33,prior,0.0
CCAA_consolidadas_FY2022.pdf,pyg,14,,Amortizaciones y depreciaciones,8,current,-2899.0
CCAA_consolidadas_FY2022.pdf,pyg,14,,Amortizaciones y depreciaciones,8,prior,-2901.0
CCAA_consolidadas_FY2022.pdf,pyg,14,,RESULTADOS DE EXPLOTACIÓN (EBIT),,current,5520.0
CCAA_consolidadas_FY2022.pdf,pyg,14,,RESULTADOS DE EXPLOTACIÓN (EBIT),,prior,4282.0
CCAA_consolidadas_FY2022.pdf,pyg,14,,Resultados financieros,9,current,-214.0
CCAA_consolidadas_FY2022.pdf,pyg,14,,Resultados financieros,9,prior,-142.0
CCAA_consolidadas_FY2022.pdf,pyg,14,,Resultados por puesta en equivalencia,18,current,53.0
CCAA_consolidadas_FY2022.pdf,pyg,14,,Resultados por puesta en equivalencia,18,prior,58.0
CCAA_consolidadas_FY2022.pdf,pyg,14,,RESULTADOS ANTES DE IMPUESTOS (BAI),,current,5358.0
CCAA_consolidadas_FY2022.pdf,pyg,14,,RESULTADOS ANTES DE IMPUESTOS (BAI),,prior,4199.0
CCAA_consolidadas_FY2022.pdf,pyg,14,,Impuesto sobre beneficios,25,current,-1211.0
CCAA_consolidadas_FY2022.pdf,pyg,14,,Impuesto sobre beneficios,25,prior,-949.0
CCAA_consolidadas_FY2022.pdf,pyg,14,,RESULTADO NETO DEL EJERCICIO,,current,4147.0
CCAA_consolidadas_FY2022.pdf,pyg,14,,RESULTADO NETO DEL EJERCICIO,,prior,3250.0
CCAA_consolidadas_FY2022.pdf,pyg,14,,RESULTADO ATRIBUIDO A ACCIONISTAS MINORITARIOS,,current,17.0
CCAA_consolidadas_FY2022.pdf,pyg,14,,RESULTADO ATRIBUIDO A ACCIONISTAS MINORITARIOS,,prior,7.0
CCAA_consolidadas_FY2022.pdf,pyg,14,,RESULTADO NETO ATRIBUIDO A LA DOMINANTE,,current,4130.0
CCAA_consolidadas_FY2022.pdf,pyg,14,,RESULTADO NETO ATRIBUIDO A LA DOMINANTE,,prior,3243.0
CCAA_consolidadas_FY2022.pdf,pyg,14,,"BENEFICIO POR ACCIÓN, en euros",10,current,1.327
CCAA_consolidadas_FY2022.pdf,pyg,14,,"BENEFICIO POR ACCIÓN, en euros",10,prior,1.042
CCAA_consolidadas_FY2022.pdf,balance,18,ACTIVOS NO CORRIENTES,ACTIVOS NO CORRIENTES,,current,15344.0
CCAA_consolidadas_FY2022.pdf,balance,18,ACTIVOS NO CORRIENTES,ACTIVOS NO CORRIENTES,,prior,15343.0
CCAA_consolidadas_FY2022.pdf,balance,18,ACTIVOS NO CORRIENTES,Derecho de uso,16,current,4910.0
CCAA_consolidadas_FY2022.pdf,balance,18,ACTIVOS NO CORRIENTES,Derecho de uso,16,prior,5224.0
CCAA_consolidadas_FY2022.pdf,balance,18,ACTIVOS NO CORRIENTES,Otros activos intangibles,15,current,810.0
CCAA_consolidadas_FY2022.pdf,balance,18,ACTIVOS NO CORRIENTES,Otros activos intangibles,15,prior,589.0
CCAA_consolidadas_FY2022.pdf,balance,18,ACTIVOS NO CORRIENTES,Fondo de comercio,17,current,193.0
CCAA_consolidadas_FY2022.pdf,balance,18,ACTIVOS NO CORRIENTES,Fondo de comercio,17,prior,202.0
CCAA_consolidadas_FY2022.pdf,balance,18,ACTIVOS NO CORRIENTES,Inmovilizado material,14,current,7591.0
CCAA_consolidadas_FY2022.pdf,balance,18,ACTIVOS NO CORRIENTES,Inmovilizado material,14,prior,7481.0
CCAA_consolidadas_FY2022.pdf,balance,18,ACTIVOS NO CORRIENTES,Propiedades de inversión,,current,24.0
CCAA_consolidadas_FY2022.pdf,balance,18,ACTIVOS NO CORRIENTES,Propiedades de inversión,,prior,21.0
CCAA_consolidadas_FY2022.pdf,balance,18,ACTIVOS NO CORRIENTES,Inversiones financieras,18,current,334.0
CCAA_consolidadas_FY2022.pdf,balance,18,ACTIVOS NO CORRIENTES,Inversiones financieras,18,prior,307.0
CCAA_consolidadas_FY2022.pdf,balance,18,ACTIVOS NO CORRIENTES,Otros activos no corrientes,19,current,278.0
CCAA_consolidadas_FY2022.pdf,balance,18,ACTIVOS NO CORRIENTES,Otros activos no corrientes,19,prior,340.0
CCAA_consolidadas_FY2022.pdf,balance,18,ACTIVOS NO CORRIENTES,Activos por impuestos diferidos,25,current,1203.0
CCAA_consolidadas_FY2022.pdf,balance,18,ACTIVOS NO CORRIENTES,Activos por impuestos diferidos,25,prior,1179.0
CCAA_consolidadas_FY2022.pdf,balance,18,ACTIVOS CORRIENTES,ACTIVOS CORRIENTES,,current,14639.0
CCAA_consolidadas_FY2022.pdf,balance,18,ACTIVOS CORRIENTES,ACTIVOS CORRIENTES,,prior,13602.0
CCAA_consolidadas_FY2022.pdf,balance,18,ACTIVOS CORRIENTES,Activos no corrientes mantenidos para la venta,33,current,183.0
CCAA_consolidadas_FY2022.pdf,balance,18,ACTIVOS CORRIENTES,Activos no corrientes mantenidos para la venta,33,prior,0.0
CCAA_consolidadas_FY2022.pdf,balance,18,ACTIVOS CORRIENTES,Existencias,13,current,3191.0
CCAA_consolidadas_FY2022.pdf,balance,18,ACTIVOS CORRIENTES,Existencias,13,prior,3042.0
CCAA_consolidadas_FY2022.pdf,balance,18,ACTIVOS CORRIENTES,Deudores,12,current,851.0
CCAA_consolidadas_FY2022.pdf,balance,18,ACTIVOS CORRIENTES,Deudores,12,prior,842.0
CCAA_consolidadas_FY2022.pdf,balance,18,ACTIVOS CORRIENTES,Activos por impuestos sobre beneficios corriente,25,current,238.0
CCAA_consolidadas_FY2022.pdf,balance,18,ACTIVOS CORRIENTES,Activos por impuestos sobre beneficios corriente,25,prior,219.0
CCAA_consolidadas_FY2022.pdf,balance,18,ACTIVOS CORRIENTES,Otros activos corrientes,,current,85.0
CCAA_consolidadas_FY2022.pdf,balance,18,ACTIVOS CORRIENTES,Otros activos corrientes,,prior,82.0
CCAA_consolidadas_FY2022.pdf,balance,18,ACTIVOS CORRIENTES,Otros activos financieros,26,current,8.0
CCAA_consolidadas_FY2022.pdf,balance,18,ACTIVOS CORRIENTES,Otros activos financieros,26,prior,22.0
CCAA_consolidadas_FY2022.pdf,balance,18,ACTIVOS CORRIENTES,Inversiones financieras temporales,21,current,4522.0
CCAA_consolidadas_FY2022.pdf,balance,18,ACTIVOS CORRIENTES,Inversiones financieras temporales,21,prior,2374.0
CCAA_consolidadas_FY2022.pdf,balance,18,ACTIVOS CORRIENTES,Efectivo y equivalentes,21,current,5561.0
CCAA_consolidadas_FY2022.pdf,balance,18,ACTIVOS CORRIENTES,Efectivo y equivalentes,21,prior,7021.0
CCAA_consolidadas_FY2022.pdf,balance,18,ACTIVOS CORRIENTES,TOTAL ACTIVO,,current,29983.0
CCAA_consolidadas_FY2022.pdf,balance,18,ACTIVOS CORRIENTES,TOTAL ACTIVO,,prior,28945.0
CCAA_consolidadas_FY2022.pdf,balance,18,PATRIMONIO NETO,PATRIMONIO NETO,,current,17033.0
CCAA_consolidadas_FY2022.pdf,balance,18,PATRIMONIO NETO,PATRIMONIO NETO,,prior,15759.0
CCAA_consolidadas_FY2022.pdf,balance,18,PATRIMONIO NETO,Patrimonio neto atribuido a la dominante,,current,17008.0
CCAA_consolidadas_FY2022.pdf,balance,18,PATRIMONIO NETO,Patrimonio neto atribuido a la dominante,,prior,15733.0
CCAA_consolidadas_FY2022.pdf,balance,18,PATRIMONIO NETO,Patrimonio neto atribuido a los minoritarios,,current,25.0
CCAA_consolidadas_FY2022.pdf,balance,18,PATRIMONIO NETO,Patrimonio neto atribuido a los minoritarios,,prior,26.0
CCAA_consolidadas_FY2022.pdf,balance,18,PASIVOS NO CORRIENTES,PASIVOS NO CORRIENTES,,current,4813.0
CCAA_consolidadas_FY2022.pdf,balance,18,PASIVOS NO CORRIENTES,PASIVOS NO CORRIENTES,,prior,5157.0
CCAA_consolidadas_FY2022.pdf,balance,18,PASIVOS NO CORRIENTES,Provisiones,22,current,283.0
CCAA_consolidadas_FY2022.pdf,balance,18,PASIVOS NO CORRIENTES,Provisiones,22,prior,287.0
CCAA_consolidadas_FY2022.pdf,balance,18,PASIVOS NO CORRIENTES,Otros pasivos a largo plazo,23,current,222.0
CCAA_consolidadas_FY2022.pdf,balance,18,PASIVOS NO CORRIENTES,Otros pasivos a largo plazo,23,prior,248.0
CCAA_consolidadas_FY2022.pdf,balance,18,PASIVOS NO CORRIENTES,Deuda financiera,21,current,0.0
CCAA_consolidadas_FY2022.pdf,balance,18,PASIVOS NO CORRIENTES,Deuda financiera,21,prior,1.0
CCAA_consolidadas_FY2022.pdf,balance,18,PASIVOS NO CORRIENTES,Pasivo por arrendamiento a largo plazo,16,current,3924.0
CCAA_consolidadas_FY2022.pdf,balance,18,PASIVOS NO CORRIENTES,Pasivo por arrendamiento a largo plazo,16,prior,4262.0
CCAA_consolidadas_FY2022.pdf,balance,18,PASIVOS NO CORRIENTES,Pasivos por impuestos diferidos,25,current,385.0
CCAA_consolidadas_FY2022.pdf,balance,18,PASIVOS NO CORRIENTES,Pasivos por impuestos diferidos,25,prior,359.0
CCAA_consolidadas_FY2022.pdf,balance,18,PASIVOS CORRIENTES,PASIVOS CORRIENTES,,current,8137.0
CCAA_consolidadas_FY2022.pdf,balance,18,PASIVOS CORRIENTES,PASIVOS CORRIENTES,,prior,8030.0
CCAA_consolidadas_FY2022.pdf,balance,18,PASIVOS CORRIENTES,Deuda financiera,21,current,13.0
CCAA_consolidadas_FY2022.pdf,balance,18,PASIVOS CORRIENTES,Deuda financiera,21,prior,35.0
CCAA_consolidadas_FY2022.pdf,balance,18,PASIVOS CORRIENTES,Otros pasivos financieros,26,current,46.0
CCAA_consolidadas_FY2022.pdf,balance,18,PASIVOS CORRIENTES,Otros pasivos financieros,26,prior,22.0
CCAA_consolidadas_FY2022.pdf,balance,18,PASIVOS CORRIENTES,Pasivo por arrendamiento a corto plazo,16,current,1517.0
CCAA_consolidadas_FY2022.pdf,balance,18,PASIVOS CORRIENTES,Pasivo por arrendamiento a corto plazo,16,prior,1562.0
CCAA_consolidadas_FY2022.pdf,balance,18,PASIVOS CORRIENTES,Pasivos por impuestos sobre beneficios corriente,25,current,264.0
CCAA_consolidadas_FY2022.pdf,balance,18,PASIVOS CORRIENTES,Pasivos por impuestos sobre beneficios corriente,25,prior,211.0
CCAA_consolidadas_FY2022.pdf,balance,18,PASIVOS CORRIENTES,Acreedores,20,current,6297.0
CCAA_consolidadas_FY2022.pdf,balance,18,PASIVOS CORRIENTES,Acreedores,20,prior,6199.0
CCAA_consolidadas_FY2022.pdf,balance,18,PASIVOS CORRIENTES,TOTAL PASIVO Y PATRIMONIO NETO,,current,29983.0
CCAA_consolidadas_FY2022.pdf,balance,18,PASIVOS CORRIENTES,TOTAL PASIVO Y PATRIMONIO NETO,,prior,28945.0
CCAA_consolidadas_FY2022.pdf,flujos,20,,(Cifras en millones de euros) (Notas),,current,2022.0
CCAA_consolidadas_FY2022.pdf,flujos,20,,(Cifras en millones de euros) (Notas),,prior,2021.0
CCAA_consolidadas_FY2022.pdf,flujos,20,,Resultado antes de impuestos y minoritarios,,current,5358.0
CCAA_consolidadas_FY2022.pdf,flujos,20,,Resultado antes de impuestos y minoritarios,,prior,4199.0
CCAA_consolidadas_FY2022.pdf,flujos,20,,Amortizaciones y depreciaciones,8,current,2899.0
CCAA_consolidadas_FY2022.pdf,flujos,20,,Amortizaciones y depreciaciones,8,prior,2901.0
CCAA_consolidadas_FY2022.pdf,flujos,20,,Provisiones por deterioro de valor,,current,28.0
CCAA_consolidadas_FY2022.pdf,flujos,20,,Provisiones por deterioro de valor,,prior,51.0
CCAA_consolidadas_FY2022.pdf,flujos,20,,Resultados por puesta en equivalencia,18,current,-53.0
CCAA_consolidadas_FY2022.pdf,flujos,20,,Resultados por puesta en equivalencia,18,prior,-58.0
CCAA_consolidadas_FY2022.pdf,flujos,20,,Gasto financiero por arrendamiento,9,current,116.0
CCAA_consolidadas_FY2022.pdf,flujos,20,,Gasto financiero por arrendamiento,9,prior,92.0
CCAA_consolidadas_FY2022.pdf,flujos,20,,Otros,,current,170.0
CCAA_consolidadas_FY2022.pdf,flujos,20,,Otros,,prior,81.0
CCAA_consolidadas_FY2022.pdf,flujos,20,,Impuesto sobre beneficios pagado,,current,-1176.0
CCAA_consolidadas_FY2022.pdf,flujos,20,,Impuesto sobre beneficios pagado,,prior,-734.0
CCAA_consolidadas_FY2022.pdf,flujos,20,,Flujos generados,,current,7343.0
CCAA_consolidadas_FY2022.pdf,flujos,20,,Flujos generados,,prior,6530.0
CCAA_consolidadas_FY2022.pdf,flujos,20,,Existencias,,current,-193.0
CCAA_consolidadas_FY2022.pdf,flujos,20,,Existencias,,prior,-759.0
CCAA_consolidadas_FY2022.pdf,flujos,20,,Deudores y otros activos corrientes,,current,-58.0
CCAA_consolidadas_FY2022.pdf,flujos,20,,Deudores y otros activos corrientes,,prior,-154.0
CCAA_consolidadas_FY2022.pdf,flujos,20,,Acreedores a corto plazo,,current,-418.0
CCAA_consolidadas_FY2022.pdf,flujos,20,,Acreedores a corto plazo,,prior,1136.0
CCAA_consolidadas_FY2022.pdf,flujos,20,,Variación del circulante,,current,-669.0
CCAA_consolidadas_FY2022.pdf,flujos,20,,Variación del circulante,,prior,223.0
CCAA_consolidadas_FY2022.pdf,flujos,20,,Flujos derivados de las actividades de explotación,,current,6674.0
CCAA_consolidadas_FY2022.pdf,flujos,20,,Flujos derivados de las actividades de explotación,,prior,6754.0
CCAA_consolidadas_FY2022.pdf,flujos,20,,Pagos por inversiones en inmovilizado intangible,,current,-388.0
CCAA_consolidadas_FY2022.pdf,flujos,20,,Pagos por inversiones en inmovilizado intangible,,prior,-460.0
CCAA_consolidadas_FY2022.pdf,flujos,20,,Pagos por inversiones en inmovilizado material,,current,-1027.0
CCAA_consolidadas_FY2022.pdf,flujos,20,,Pagos por inversiones en inmovilizado material,,prior,-666.0
CCAA_consolidadas_FY2022.pdf,flujos,20,,Cobros por inversiones en otro inmovilizado financiero,,current,27.0
CCAA_consolidadas_FY2022.pdf,flujos,20,,Cobros por inversiones en otro inmovilizado financiero,,prior,25.0
CCAA_consolidadas_FY2022.pdf,flujos,20,,Pagos por inversiones en otro inmovilizado financiero,,current,-3.0
CCAA_consolidadas_FY2022.pdf,flujos,20,,Pagos por inversiones en otro inmovilizado financiero,,prior,0.0
CCAA_consolidadas_FY2022.pdf,flujos,20,,Pagos por inversiones en otros activos,19,current,-18.0
CCAA_consolidadas_FY2022.pdf,flujos,20,,Pagos por inversiones en otros activos,19,prior,-8.0
CCAA_consolidadas_FY2022.pdf,flujos,20,,Cobros por inversiones en otros activos,19,current,54.0
CCAA_consolidadas_FY2022.pdf,flujos,20,,Cobros por inversiones en otros activos,19,prior,54.0
CCAA_consolidadas_FY2022.pdf,flujos,20,,Variaciones de inversiones financieras temporales,,current,-2148.0
CCAA_consolidadas_FY2022.pdf,flujos,20,,Variaciones de inversiones financieras temporales,,prior,-2198.0
CCAA_consolidadas_FY2022.pdf,flujos,20,,Flujos derivados de actividades de inversión,,current,-3504.0
CCAA_consolidadas_FY2022.pdf,flujos,20,,Flujos derivados de actividades de inversión,,prior,-3253.0
CCAA_consolidadas_FY2022.pdf,flujos,20,,Pagos por endeudamiento financiero a largo plazo,,current,-1.0
CCAA_consolidadas_FY2022.pdf,flujos,20,,Pagos por endeudamiento financiero a largo plazo,,prior,-5.0
CCAA_consolidadas_FY2022.pdf,flujos,20,,Pagos por adquisición de acciones propias,,current,-61.0
CCAA_consolidadas_FY2022.pdf,flujos,20,,Pagos por adquisición de acciones propias,,prior,-71.0
CCAA_consolidadas_FY2022.pdf,flujos,20,,Variación endeudamiento financiero a corto plazo,,current,-17.0
CCAA_consolidadas_FY2022.pdf,flujos,20,,Variación endeudamiento financiero a corto plazo,,prior,27.0
CCAA_consolidadas_FY2022.pdf,flujos,20,,Pagos por arrendamiento renta fija,,current,-1621.0
CCAA_consolidadas_FY2022.pdf,flujos,20,,Pagos por arrendamiento renta fija,,prior,-1668.0
CCAA_consolidadas_FY2022.pdf,flujos,20,,Dividendos,,current,-2914.0
CCAA_consolidadas_FY2022.pdf,flujos,20,,Dividendos,,prior,-2192.0
CCAA_consolidadas_FY2022.pdf,flujos,20,,Flujos empleados en actividades de financiación,,current,-4614.0
CCAA_consolidadas_FY2022.pdf,flujos,20,,Flujos empleados en actividades de financiación,,prior,-3909.0
CCAA_consolidadas_FY2022.pdf,flujos,20,,Variación neta de efectivo y equivalentes,,current,-1443.0
CCAA_consolidadas_FY2022.pdf,flujos,20,,Variación neta de efectivo y equivalentes,,prior,-408.0
CCAA_consolidadas_FY2022.pdf,flujos,20,,Efectivo y equivalentes al inicio del ejercicio,21,current,7021.0
CCAA_consolidadas_FY2022.pdf,flujos,20,,Efectivo y equivalentes al inicio del ejercicio,21,prior,7398.0
CCAA_consolidadas_FY2022.pdf,flujos,20,,Efectos de las variaciones en los tipos de cambio en el efectivo y equivalentes,,current,-17.0
CCAA_consolidadas_FY2022.pdf,flujos,20,,Efectos de las variaciones en los tipos de cambio en el efectivo y equivalentes,,prior,31.0
CCAA_consolidadas_FY2022.pdf,flujos,20,,Efectivo y equivalentes al cierre del ejercicio,21,current,5561.0
CCAA_consolidadas_FY2022.pdf,flujos,20,,Efectivo y equivalentes al cierre del ejercicio,21,prior,7021.0
CCAA_consolidadas_FY2023.pdf,pyg,3,,(Cifras en millones de euros) (Notas),,current,2023.0
CCAA_consolidadas_FY2023.pdf,pyg,3,,(Cifras en millones de euros) (Notas),,prior,2022.0
CCAA_consolidadas_FY2023.pdf,pyg,3,,Ventas,4,current,35947.0
CCAA_consolidadas_FY2023.pdf,pyg,3,,Ventas,4,prior,32569.0
CCAA_consolidadas_FY2023.pdf,pyg,3,,Coste de la mercancía,5,current,-15186.0
CCAA_consolidadas_FY2023.pdf,pyg,3,,Coste de la mercancía,5,prior,-14011.0
CCAA_consolidadas_FY2023.pdf,pyg,3,,MARGEN BRUTO,,current,20762.0
CCAA_consolidadas_FY2023.pdf,pyg,3,,MARGEN BRUTO,,prior,18559.0
CCAA_consolidadas_FY2023.pdf,pyg,3,,Gastos de explotación,6,current,-10853.0
CCAA_consolidadas_FY2023.pdf,pyg,3,,Gastos de explotación,6,prior,-9867.0
CCAA_consolidadas_FY2023.pdf,pyg,3,,Otras pérdidas y ganancias netas,7,current,-59.0
CCAA_consolidadas_FY2023.pdf,pyg,3,,Otras pérdidas y ganancias netas,7,prior,-43.0
CCAA_consolidadas_FY2023.pdf,pyg,3,,RESULTADO OPERATIVO (EBITDA),,current,9850.0
CCAA_consolidadas_FY2023.pdf,pyg,3,,RESULTADO OPERATIVO (EBITDA),,prior,8649.0
CCAA_consolidadas_FY2023.pdf,pyg,3,,Otros resultados,33,current,0.0
CCAA_consolidadas_FY2023.pdf,pyg,3,,Otros resultados,33,prior,-231.0
CCAA_consolidadas_FY2023.pdf,pyg,3,,Amortizaciones y depreciaciones,8,current,-3041.0
CCAA_consolidadas_FY2023.pdf,pyg,3,,Amortizaciones y depreciaciones,8,prior,-2899.0
CCAA_consolidadas_FY2023.pdf,pyg,3,,RESULTADOS DE EXPLOTACIÓN (EBIT),,current,6809.0
CCAA_consolidadas_FY2023.pdf,pyg,3,,RESULTADOS DE EXPLOTACIÓN (EBIT),,prior,5520.0
CCAA_consolidadas_FY2023.pdf,pyg,3,,Resultados financieros,9,current,-11.0
CCAA_consolidadas_FY2023.pdf,pyg,3,,Resultados financieros,9,prior,-214.0
CCAA_consolidadas_FY2023.pdf,pyg,3,,Resultados por puesta en equivalencia,18,current,72.0
CCAA_consolidadas_FY2023.pdf,pyg,3,,Resultados por puesta en equivalencia,18,prior,53.0
CCAA_consolidadas_FY2023.pdf,pyg,3,,RESULTADOS ANTES DE IMPUESTOS (BAI),,current,6870.0
CCAA_consolidadas_FY2023.pdf,pyg,3,,RESULTADOS ANTES DE IMPUESTOS (BAI),,prior,5358.0
CCAA_consolidadas_FY2023.pdf,pyg,3,,Impuesto sobre beneficios,25,current,-1475.0
CCAA_consolidadas_FY2023.pdf,pyg,3,,Impuesto sobre beneficios,25,prior,-1211.0
CCAA_consolidadas_FY2023.pdf,pyg,3,,RESULTADO NETO DEL EJERCICIO,,current,5395.0
CCAA_consolidadas_FY2023.pdf,pyg,3,,RESULTADO NETO DEL EJERCICIO,,prior,4147.0
CCAA_consolidadas_FY2023.pdf,pyg,3,,RESULTADO ATRIBUIDO A ACCIONISTAS MINORITARIOS,,current,14.0
CCAA_consolidadas_FY2023.pdf,pyg,3,,RESULTADO ATRIBUIDO A ACCIONISTAS MINORITARIOS,,prior,17.0
CCAA_consolidadas_FY2023.pdf,pyg,3,,RESULTADO NETO ATRIBUIDO A LA DOMINANTE,,current,5381.0
CCAA_consolidadas_FY2023.pdf,pyg,3,,RESULTADO NETO ATRIBUIDO A LA DOMINANTE,,prior,4130.0
CCAA_consolidadas_FY2023.pdf,pyg,3,,"BENEFICIO POR ACCIÓN, en euros",10,current,1.729
CCAA_consolidadas_FY2023.pdf,pyg,3,,"BENEFICIO POR ACCIÓN, en euros",10,prior,1.327
CCAA_consolidadas_FY2023.pdf,balance,7,ACTIVOS NO CORRIENTES,ACTIVOS NO CORRIENTES,,current,16719.0
CCAA_consolidadas_FY2023.pdf,balance,7,ACTIVOS NO CORRIENTES,ACTIVOS NO CORRIENTES,,prior,15344.0
CCAA_consolidadas_FY2023.pdf,balance,7,ACTIVOS NO CORRIENTES,Derecho de uso,16,current,5097.0
CCAA_consolidadas_FY2023.pdf,balance,7,ACTIVOS NO CORRIENTES,Derecho de uso,16,prior,4910.0
CCAA_consolidadas_FY2023.pdf,balance,7,ACTIVOS NO CORRIENTES,Otros activos intangibles,15,current,1223.0
CCAA_consolidadas_FY2023.pdf,balance,7,ACTIVOS NO CORRIENTES,Otros activos intangibles,15,prior,810.0
CCAA_consolidadas_FY2023.pdf,balance,7,ACTIVOS NO CORRIENTES,Fondo de comercio,17,current,197.0
CCAA_consolidadas_FY2023.pdf,balance,7,ACTIVOS NO CORRIENTES,Fondo de comercio,17,prior,193.0
CCAA_consolidadas_FY2023.pdf,balance,7,ACTIVOS NO CORRIENTES,Inmovilizado material,14,current,8337.0
CCAA_consolidadas_FY2023.pdf,balance,7,ACTIVOS NO CORRIENTES,Inmovilizado material,14,prior,7591.0
CCAA_consolidadas_FY2023.pdf,balance,7,ACTIVOS NO CORRIENTES,Propiedades de inversión,,current,24.0
CCAA_consolidadas_FY2023.pdf,balance,7,ACTIVOS NO CORRIENTES,Propiedades de inversión,,prior,24.0
CCAA_consolidadas_FY2023.pdf,balance,7,ACTIVOS NO CORRIENTES,Inversiones financieras,18,current,398.0
CCAA_consolidadas_FY2023.pdf,balance,7,ACTIVOS NO CORRIENTES,Inversiones financieras,18,prior,334.0
CCAA_consolidadas_FY2023.pdf,balance,7,ACTIVOS NO CORRIENTES,Otros activos no corrientes,19,current,269.0
CCAA_consolidadas_FY2023.pdf,balance,7,ACTIVOS NO CORRIENTES,Otros activos no corrientes,19,prior,278.0
CCAA_consolidadas_FY2023.pdf,balance,7,ACTIVOS NO CORRIENTES,Activos por impuestos diferidos,25,current,1174.0
CCAA_consolidadas_FY2023.pdf,balance,7,ACTIVOS NO CORRIENTES,Activos por impuestos diferidos,25,prior,1203.0
CCAA_consolidadas_FY2023.pdf,balance,7,ACTIVOS CORRIENTES,ACTIVOS CORRIENTES,,current,16016.0
CCAA_consolidadas_FY2023.pdf,balance,7,ACTIVOS CORRIENTES,ACTIVOS CORRIENTES,,prior,14639.0
CCAA_consolidadas_FY2023.pdf,balance,7,ACTIVOS CORRIENTES,Activos no corrientes mantenidos para la venta,33,current,0.0
CCAA_consolidadas_FY2023.pdf,balance,7,ACTIVOS CORRIENTES,Activos no corrientes mantenidos para la venta,33,prior,183.0
CCAA_consolidadas_FY2023.pdf,balance,7,ACTIVOS CORRIENTES,Existencias,13,current,2966.0
CCAA_consolidadas_FY2023.pdf,balance,7,ACTIVOS CORRIENTES,Existencias,13,prior,3191.0
CCAA_consolidadas_FY2023.pdf,balance,7,ACTIVOS CORRIENTES,Deudores,12,current,1038.0
CCAA_consolidadas_FY2023.pdf,balance,7,ACTIVOS CORRIENTES,Deudores,12,prior,851.0
CCAA_consolidadas_FY2023.pdf,balance,7,ACTIVOS CORRIENTES,Activos por impuestos sobre beneficios corriente,25,current,483.0
CCAA_consolidadas_FY2023.pdf,balance,7,ACTIVOS CORRIENTES,Activos por impuestos sobre beneficios corriente,25,prior,238.0
CCAA_consolidadas_FY2023.pdf,balance,7,ACTIVOS CORRIENTES,Otros activos corrientes,,current,100.0
CCAA_consolidadas_FY2023.pdf,balance,7,ACTIVOS CORRIENTES,Otros activos corrientes,,prior,85.0
CCAA_consolidadas_FY2023.pdf,balance,7,ACTIVOS CORRIENTES,Otros activos financieros,26,current,7.0
CCAA_consolidadas_FY2023.pdf,balance,7,ACTIVOS CORRIENTES,Otros activos financieros,26,prior,8.0
CCAA_consolidadas_FY2023.pdf,balance,7,ACTIVOS CORRIENTES,Inversiones financieras temporales,21,current,4415.0
CCAA_consolidadas_FY2023.pdf,balance,7,ACTIVOS CORRIENTES,Inversiones financieras temporales,21,prior,4522.0
CCAA_consolidadas_FY2023.pdf,balance,7,ACTIVOS CORRIENTES,Efectivo y equivalentes,21,current,7007.0
CCAA_consolidadas_FY2023.pdf,balance,7,ACTIVOS CORRIENTES,Efectivo y equivalentes,21,prior,5561.0
CCAA_consolidadas_FY2023.pdf,balance,7,ACTIVOS CORRIENTES,TOTAL ACTIVO,,current,32735.0
CCAA_consolidadas_FY2023.pdf,balance,7,ACTIVOS CORRIENTES,TOTAL ACTIVO,,prior,29983.0
CCAA_consolidadas_FY2023.pdf,balance,7,PATRIMONIO NETO,PATRIMONIO NETO,,current,18672.0
CCAA_consolidadas_FY2023.pdf,balance,7,PATRIMONIO NETO,PATRIMONIO NETO,,prior,17033.0
CCAA_consolidadas_FY2023.pdf,balance,7,PATRIMONIO NETO,Patrimonio neto atribuido a la dominante,,current,18642.0
CCAA_consolidadas_FY2023.pdf,balance,7,PATRIMONIO NETO,Patrimonio neto atribuido a la dominante,,prior,17008.0
CCAA_consolidadas_FY2023.pdf,balance,7,PATRIMONIO NETO,Patrimonio neto atribuido a los minoritarios,,current,30.0
CCAA_consolidadas_FY2023.pdf,balance,7,PATRIMONIO NETO,Patrimonio neto atribuido a los minoritarios,,prior,25.0
CCAA_consolidadas_FY2023.pdf,balance,7,PASIVOS NO CORRIENTES,PASIVOS NO CORRIENTES,,current,5126.0
CCAA_consolidadas_FY2023.pdf,balance,7,PASIVOS NO CORRIENTES,PASIVOS NO CORRIENTES,,prior,4813.0
CCAA_consolidadas_FY2023.pdf,balance,7,PASIVOS NO CORRIENTES,Provisiones,22,current,362.0
CCAA_consolidadas_FY2023.pdf,balance,7,PASIVOS NO CORRIENTES,Provisiones,22,prior,283.0
CCAA_consolidadas_FY2023.pdf,balance,7,PASIVOS NO CORRIENTES,Otros pasivos a largo plazo,23,current,248.0
CCAA_consolidadas_FY2023.pdf,balance,7,PASIVOS NO CORRIENTES,Otros pasivos a largo plazo,23,prior,222.0
CCAA_consolidadas_FY2023.pdf,balance,7,PASIVOS NO CORRIENTES,Deuda financiera,21,current,0.0
CCAA_consolidadas_FY2023.pdf,balance,7,PASIVOS NO CORRIENTES,Deuda financiera,21,prior,0.0
CCAA_consolidadas_FY2023.pdf,balance,7,PASIVOS NO CORRIENTES,Pasivo por arrendamiento a largo plazo,16,current,4123.0
CCAA_consolidadas_FY2023.pdf,balance,7,PASIVOS NO CORRIENTES,Pasivo por arrendamiento a largo plazo,16,prior,3924.0
CCAA_consolidadas_FY2023.pdf,balance,7,PASIVOS NO CORRIENTES,Pasivos por impuestos diferidos,25,current,394.0
CCAA_consolidadas_FY2023.pdf,balance,7,PASIVOS NO CORRIENTES,Pasivos por impuestos diferidos,25,prior,385.0
CCAA_consolidadas_FY2023.pdf,balance,7,PASIVOS CORRIENTES,PASIVOS CORRIENTES,,current,8937.0
CCAA_consolidadas_FY2023.pdf,balance,7,PASIVOS CORRIENTES,PASIVOS CORRIENTES,,prior,8137.0
CCAA_consolidadas_FY2023.pdf,balance,7,PASIVOS CORRIENTES,Deuda financiera,21,current,16.0
CCAA_consolidadas_FY2023.pdf,balance,7,PASIVOS CORRIENTES,Deuda financiera,21,prior,13.0
CCAA_consolidadas_FY2023.pdf,balance,7,PASIVOS CORRIENTES,Otros pasivos financieros,26,current,26.0
CCAA_consolidadas_FY2023.pdf,balance,7,PASIVOS CORRIENTES,Otros pasivos financieros,26,prior,46.0
CCAA_consolidadas_FY2023.pdf,balance,7,PASIVOS CORRIENTES,Pasivo por arrendamiento a corto plazo,16,current,1428.0
CCAA_consolidadas_FY2023.pdf,balance,7,PASIVOS CORRIENTES,Pasivo por arrendamiento a corto plazo,16,prior,1517.0
CCAA_consolidadas_FY2023.pdf,balance,7,PASIVOS CORRIENTES,Pasivos por impuestos sobre beneficios corriente,25,current,395.0
CCAA_consolidadas_FY2023.pdf,balance,7,PASIVOS CORRIENTES,Pasivos por impuestos sobre beneficios corriente,25,prior,264.0
CCAA_consolidadas_FY2023.pdf,balance,7,PASIVOS CORRIENTES,Acreedores,20,current,7072.0
CCAA_consolidadas_FY2023.pdf,balance,7,PASIVOS CORRIENTES,Acreedores,20,prior,6297.0
CCAA_consolidadas_FY2023.pdf,balance,7,PASIVOS CORRIENTES,TOTAL PASIVO Y PATRIMONIO NETO,,current,32735.0
CCAA_consolidadas_FY2023.pdf,balance,7,PASIVOS CORRIENTES,TOTAL PASIVO Y PATRIMONIO NETO,,prior,29983.0
CCAA_consolidadas_FY2023.pdf,flujos,9,,(Cifras en millones de euros) (Notas),,current,2023.0
CCAA_consolidadas_FY2023.pdf,flujos,9,,(Cifras en millones de euros) (Notas),,prior,2022.0
CCAA_consolidadas_FY2023.pdf,flujos,9,,Resultado antes de impuestos y minoritarios,,current,6870.0
CCAA_consolidadas_FY2023.pdf,flujos,9,,Resultado antes de impuestos y minoritarios,,prior,5358.0
CCAA_consolidadas_FY2023.pdf,flujos,9,,Amortizaciones y depreciaciones,8,current,3041.0
CCAA_consolidadas_FY2023.pdf,flujos,9,,Amortizaciones y depreciaciones,8,prior,2899.0
CCAA_consolidadas_FY2023.pdf,flujos,9,,Provisiones por deterioro de valor,,current,24.0
CCAA_consolidadas_FY2023.pdf,flujos,9,,Provisiones por deterioro de valor,,prior,28.0
CCAA_consolidadas_FY2023.pdf,flujos,9,,Resultados por puesta en equivalencia,18,current,-72.0
CCAA_consolidadas_FY2023.pdf,flujos,9,,Resultados por puesta en equivalencia,18,prior,-53.0
CCAA_consolidadas_FY2023.pdf,flujos,9,,Gasto financiero por arrendamiento,9,current,196.0
CCAA_consolidadas_FY2023.pdf,flujos,9,,Gasto financiero por arrendamiento,9,prior,116.0
CCAA_consolidadas_FY2023.pdf,flujos,9,,Otros,,current,125.0
CCAA_consolidadas_FY2023.pdf,flujos,9,,Otros,,prior,170.0
CCAA_consolidadas_FY2023.pdf,flujos,9,,Impuesto sobre beneficios pagado,,current,-1460.0
CCAA_consolidadas_FY2023.pdf,flujos,9,,Impuesto sobre beneficios pagado,,prior,-1176.0
CCAA_consolidadas_FY2023.pdf,flujos,9,,Flujos generados,,current,8723.0
CCAA_consolidadas_FY2023.pdf,flujos,9,,Flujos generados,,prior,7343.0
CCAA_consolidadas_FY2023.pdf,flujos,9,,Existencias,,current,130.0
CCAA_consolidadas_FY2023.pdf,flujos,9,,Existencias,,prior,-193.0
CCAA_consolidadas_FY2023.pdf,flujos,9,,Deudores y otros activos corrientes,,current,-341.0
CCAA_consolidadas_FY2023.pdf,flujos,9,,Deudores y otros activos corrientes,,prior,-58.0
CCAA_consolidadas_FY2023.pdf,flujos,9,,Acreedores a corto plazo,,current,154.0
CCAA_consolidadas_FY2023.pdf,flujos,9,,Acreedores a corto plazo,,prior,-418.0
CCAA_consolidadas_FY2023.pdf,flujos,9,,Variación del circulante,,current,-56.0
CCAA_consolidadas_FY2023.pdf,flujos,9,,Variación del circulante,,prior,-669.0
CCAA_consolidadas_FY2023.pdf,flujos,9,,Flujos derivados de las actividades de explotación,,current,8667.0
CCAA_consolidadas_FY2023.pdf,flujos,9,,Flujos derivados de las actividades de explotación,,prior,6674.0
CCAA_consolidadas_FY2023.pdf,flujos,9,,Pagos por inversiones en inmovilizado intangible,,current,-473.0
CCAA_consolidadas_FY2023.pdf,flujos,9,,Pagos por inversiones en inmovilizado intangible,,prior,-388.0
CCAA_consolidadas_FY2023.pdf,flujos,9,,Pagos por inversiones en inmovilizado material,,current,-1399.0
CCAA_consolidadas_FY2023.pdf,flujos,9,,Pagos por inversiones en inmovilizado material,,prior,-1027.0
CCAA_consolidadas_FY2023.pdf,flujos,9,,Cobros por inversiones en otro inmovilizado financiero,,current,78.0
CCAA_consolidadas_FY2023.pdf,flujos,9,,Cobros por inversiones en otro inmovilizado financiero,,prior,27.0
CCAA_consolidadas_FY2023.pdf,flujos,9,,Pagos por inversiones en otro inmovilizado financiero,,current,-17.0
CCAA_consolidadas_FY2023.pdf,flujos,9,,Pagos por inversiones en otro inmovilizado financiero,,prior,-3.0
CCAA_consolidadas_FY2023.pdf,flujos,9,,Pagos por inversiones en otros activos,19,current,-17.0
CCAA_consolidadas_FY2023.pdf,flujos,9,,Pagos por inversiones en otros activos,19,prior,-18.0
CCAA_consolidadas_FY2023.pdf,flujos,9,,Cobros por inversiones en otros activos,19,current,11.0
CCAA_consolidadas_FY2023.pdf,flujos,9,,Cobros por inversiones en otros activos,19,prior,54.0
CCAA_consolidadas_FY2023.pdf,flujos,9,,Variaciones de inversiones financieras temporales,,current,107.0
CCAA_consolidadas_FY2023.pdf,flujos,9,,Variaciones de inversiones financieras temporales,,prior,-2148.0
CCAA_consolidadas_FY2023.pdf,flujos,9,,Flujos derivados de actividades de inversión,,current,-1709.0
CCAA_consolidadas_FY2023.pdf,flujos,9,,Flujos derivados de actividades de inversión,,prior,-3504.0
CCAA_consolidadas_FY2023.pdf,flujos,9,,Pagos por endeudamiento financiero a largo plazo,,current,-1.0
CCAA_consolidadas_FY2023.pdf,flujos,9,,Pagos por endeudamiento financiero a largo plazo,,prior,-1.0
CCAA_consolidadas_FY2023.pdf,flujos,9,,Pagos por adquisición de acciones propias,,current,0.0
CCAA_consolidadas_FY2023.pdf,flujos,9,,Pagos por adquisición de acciones propias,,prior,-61.0
CCAA_consolidadas_FY2023.pdf,flujos,9,,Variación endeudamiento financiero a corto plazo,,current,4.0
CCAA_consolidadas_FY2023.pdf,flujos,9,,Variación endeudamiento financiero a corto plazo,,prior,-17.0
CCAA_consolidadas_FY2023.pdf,flujos,9,,Pagos por arrendamiento renta fija,,current,-1733.0
CCAA_consolidadas_FY2023.pdf,flujos,9,,Pagos por arrendamiento renta fija,,prior,-1621.0
CCAA_consolidadas_FY2023.pdf,flujos,9,,Dividendos,,current,-3744.0
CCAA_consolidadas_FY2023.pdf,flujos,9,,Dividendos,,prior,-2914.0
CCAA_consolidadas_FY2023.pdf,flujos,9,,Flujos empleados en actividades de financiación,,current,-5473.0
CCAA_consolidadas_FY2023.pdf,flujos,9,,Flujos empleados en actividades de financiación,,prior,-4614.0
CCAA_consolidadas_FY2023.pdf,flujos,9,,Variación neta de efectivo y equivalentes,,current,1484.0
CCAA_consolidadas_FY2023.pdf,flujos,9,,Variación neta de efectivo y equivalentes,,prior,-1443.0
CCAA_consolidadas_FY2023.pdf,flujos,9,,Efectivo y equivalentes al inicio del ejercicio,21,current,5561.0
CCAA_consolidadas_FY2023.pdf,flujos,9,,Efectivo y equivalentes al inicio del ejercicio,21,prior,7021.0
CCAA_consolidadas_FY2023.pdf,flujos,9,,Efectos de las variaciones en los tipos de cambio en el efectivo y equivalentes,,current,-38.0
CCAA_consolidadas_FY2023.pdf,flujos,9,,Efectos de las variaciones en los tipos de cambio en el efectivo y equivalentes,,prior,-17.0
CCAA_consolidadas_FY2023.pdf,flujos,9,,Efectivo y equivalentes al cierre del ejercicio,21,current,7007.0
CCAA_consolidadas_FY2023.pdf,flujos,9,,Efectivo y equivalentes al cierre del ejercicio,21,prior,5561.0
CCAA_consolidadas_FY2024.pdf,pyg,16,,(Cifras en millones de euros) (Notas),,current,2024.0
CCAA_consolidadas_FY2024.pdf,pyg,16,,(Cifras en millones de euros) (Notas),,prior,2023.0
CCAA_consolidadas_FY2024.pdf,pyg,16,,Ventas,4,current,38632.0
CCAA_consolidadas_FY2024.pdf,pyg,16,,Ventas,4,prior,35947.0
CCAA_consolidadas_FY2024.pdf,pyg,16,,Coste de la mercancía,5,current,-16288.0
CCAA_consolidadas_FY2024.pdf,pyg,16,,Coste de la mercancía,5,prior,-15186.0
CCAA_consolidadas_FY2024.pdf,pyg,16,,MARGEN BRUTO,,current,22343.0
CCAA_consolidadas_FY2024.pdf,pyg,16,,MARGEN BRUTO,,prior,20762.0
CCAA_consolidadas_FY2024.pdf,pyg,16,,Gastos de explotación,6,current,-11555.0
CCAA_consolidadas_FY2024.pdf,pyg,16,,Gastos de explotación,6,prior,-10853.0
CCAA_consolidadas_FY2024.pdf,pyg,16,,Otras pérdidas y ganancias netas,7,current,-60.0
CCAA_consolidadas_FY2024.pdf,pyg,16,,Otras pérdidas y ganancias netas,7,prior,-59.0
CCAA_consolidadas_FY2024.pdf,pyg,16,,RESULTADO OPERATIVO (EBITDA),,current,10728.0
CCAA_consolidadas_FY2024.pdf,pyg,16,,RESULTADO OPERATIVO (EBITDA),,prior,9850.0
CCAA_consolidadas_FY2024.pdf,pyg,16,,Amortizaciones y depreciaciones,8,current,-3174.0
CCAA_consolidadas_FY2024.pdf,pyg,16,,Amortizaciones y depreciaciones,8,prior,-3041.0
CCAA_consolidadas_FY2024.pdf,pyg,16,,RESULTADOS DE EXPLOTACIÓN (EBIT),,current,7554.0
CCAA_consolidadas_FY2024.pdf,pyg,16,,RESULTADOS DE EXPLOTACIÓN (EBIT),,prior,6809.0
CCAA_consolidadas_FY2024.pdf,pyg,16,,Resultados financieros,9,current,-77.0
CCAA_consolidadas_FY2024.pdf,pyg,16,,Resultados financieros,9,prior,-11.0
CCAA_consolidadas_FY2024.pdf,pyg,16,,Resultados por puesta en equivalencia,18,current,99.0
CCAA_consolidadas_FY2024.pdf,pyg,16,,Resultados por puesta en equivalencia,18,prior,72.0
CCAA_consolidadas_FY2024.pdf,pyg,16,,RESULTADOS ANTES DE IMPUESTOS (BAI),,current,7577.0
CCAA_consolidadas_FY2024.pdf,pyg,16,,RESULTADOS ANTES DE IMPUESTOS (BAI),,prior,6870.0
CCAA_consolidadas_FY2024.pdf,pyg,16,,Impuesto sobre beneficios,25,current,-1700.0
CCAA_consolidadas_FY2024.pdf,pyg,16,,Impuesto sobre beneficios,25,prior,-1475.0
CCAA_consolidadas_FY2024.pdf,pyg,16,,RESULTADO NETO DEL EJERCICIO,,current,5877.0
CCAA_consolidadas_FY2024.pdf,pyg,16,,RESULTADO NETO DEL EJERCICIO,,prior,5395.0
CCAA_consolidadas_FY2024.pdf,pyg,16,,RESULTADO ATRIBUIDO A ACCIONISTAS MINORITARIOS,,current,11.0
CCAA_consolidadas_FY2024.pdf,pyg,16,,RESULTADO ATRIBUIDO A ACCIONISTAS MINORITARIOS,,prior,14.0
CCAA_consolidadas_FY2024.pdf,pyg,16,,RESULTADO NETO ATRIBUIDO A LA DOMINANTE,,current,5866.0
CCAA_consolidadas_FY2024.pdf,pyg,16,,RESULTADO NETO ATRIBUIDO A LA DOMINANTE,,prior,5381.0
CCAA_consolidadas_FY2024.pdf,pyg,16,,"BENEFICIO POR ACCIÓN, en euros",10,current,1.884
CCAA_consolidadas_FY2024.pdf,pyg,16,,"BENEFICIO POR ACCIÓN, en euros",10,prior,1.729
CCAA_consolidadas_FY2024.pdf,balance,20,ACTIVOS NO CORRIENTES,ACTIVOS NO CORRIENTES,,current,18358.0
CCAA_consolidadas_FY2024.pdf,balance,20,ACTIVOS NO CORRIENTES,ACTIVOS NO CORRIENTES,,prior,16719.0
CCAA_consolidadas_FY2024.pdf,balance,20,ACTIVOS NO CORRIENTES,Derecho de uso,16,current,5269.0
CCAA_consolidadas_FY2024.pdf,balance,20,ACTIVOS NO CORRIENTES,Derecho de uso,16,prior,5097.0
CCAA_consolidadas_FY2024.pdf,balance,20,ACTIVOS NO CORRIENTES,Otros activos intangibles,15,current,1411.0
CCAA_consolidadas_FY2024.pdf,balance,20,ACTIVOS NO CORRIENTES,Otros activos intangibles,15,prior,1223.0
CCAA_consolidadas_FY2024.pdf,balance,20,ACTIVOS NO CORRIENTES,Fondo de comercio,17,current,196.0
CCAA_consolidadas_FY2024.pdf,balance,20,ACTIVOS NO CORRIENTES,Fondo de comercio,17,prior,197.0
CCAA_consolidadas_FY2024.pdf,balance,20,ACTIVOS NO CORRIENTES,Inmovilizado material,14,current,10005.0
CCAA_consolidadas_FY2024.pdf,balance,20,ACTIVOS NO CORRIENTES,Inmovilizado material,14,prior,8337.0
CCAA_consolidadas_FY2024.pdf,balance,20,ACTIVOS NO CORRIENTES,Propiedades de inversión,,current,9.0
CCAA_consolidadas_FY2024.pdf,balance,20,ACTIVOS NO CORRIENTES,Propiedades de inversión,,prior,24.0
CCAA_consolidadas_FY2024.pdf,balance,20,ACTIVOS NO CORRIENTES,Inversiones financieras,18,current,450.0
CCAA_consolidadas_FY2024.pdf,balance,20,ACTIVOS NO CORRIENTES,Inversiones financieras,18,prior,398.0
CCAA_consolidadas_FY2024.pdf,balance,20,ACTIVOS NO CORRIENTES,Otros activos no corrientes,19,current,217.0
CCAA_consolidadas_FY2024.pdf,balance,20,ACTIVOS NO CORRIENTES,Otros activos no corrientes,19,prior,269.0
CCAA_consolidadas_FY2024.pdf,balance,20,ACTIVOS NO CORRIENTES,Activos por impuestos diferidos,25,current,800.0
CCAA_consolidadas_FY2024.pdf,balance,20,ACTIVOS NO CORRIENTES,Activos por impuestos diferidos,25,prior,1174.0
CCAA_consolidadas_FY2024.pdf,balance,20,ACTIVOS CORRIENTES,ACTIVOS CORRIENTES,,current,16356.0
CCAA_consolidadas_FY2024.pdf,balance,20,ACTIVOS CORRIENTES,ACTIVOS CORRIENTES,,prior,16016.0
CCAA_consolidadas_FY2024.pdf,balance,20,ACTIVOS CORRIENTES,Existencias,13,current,3321.0
CCAA_consolidadas_FY2024.pdf,balance,20,ACTIVOS CORRIENTES,Existencias,13,prior,2966.0
CCAA_consolidadas_FY2024.pdf,balance,20,ACTIVOS CORRIENTES,Deudores,12,current,1088.0
CCAA_consolidadas_FY2024.pdf,balance,20,ACTIVOS CORRIENTES,Deudores,12,prior,1038.0
CCAA_consolidadas_FY2024.pdf,balance,20,ACTIVOS CORRIENTES,Activos por impuestos sobre beneficios corriente,25,current,326.0
CCAA_consolidadas_FY2024.pdf,balance,20,ACTIVOS CORRIENTES,Activos por impuestos sobre beneficios corriente,25,prior,483.0
CCAA_consolidadas_FY2024.pdf,balance,20,ACTIVOS CORRIENTES,Otros activos corrientes,,current,94.0
CCAA_consolidadas_FY2024.pdf,balance,20,ACTIVOS CORRIENTES,Otros activos corrientes,,prior,100.0
CCAA_consolidadas_FY2024.pdf,balance,20,ACTIVOS CORRIENTES,Otros activos financieros,26,current,25.0
CCAA_consolidadas_FY2024.pdf,balance,20,ACTIVOS CORRIENTES,Otros activos financieros,26,prior,7.0
CCAA_consolidadas_FY2024.pdf,balance,20,ACTIVOS CORRIENTES,Inversiones financieras temporales,21,current,5120.0
CCAA_consolidadas_FY2024.pdf,balance,20,ACTIVOS CORRIENTES,Inversiones financieras temporales,21,prior,4415.0
CCAA_consolidadas_FY2024.pdf,balance,20,ACTIVOS CORRIENTES,Efectivo y equivalentes,21,current,6382.0
CCAA_consolidadas_FY2024.pdf,balance,20,ACTIVOS CORRIENTES,Efectivo y equivalentes,21,prior,7007.0
CCAA_consolidadas_FY2024.pdf,balance,20,ACTIVOS CORRIENTES,TOTAL ACTIVO,,current,34714.0
CCAA_consolidadas_FY2024.pdf,balance,20,ACTIVOS CORRIENTES,TOTAL ACTIVO,,prior,32735.0
CCAA_consolidadas_FY2024.pdf,balance,20,PATRIMONIO NETO,PATRIMONIO NETO,,current,19676.0
CCAA_consolidadas_FY2024.pdf,balance,20,PATRIMONIO NETO,PATRIMONIO NETO,,prior,18672.0
CCAA_consolidadas_FY2024.pdf,balance,20,PATRIMONIO NETO,Patrimonio neto atribuido a la dominante,,current,19676.0
CCAA_consolidadas_FY2024.pdf,balance,20,PATRIMONIO NETO,Patrimonio neto atribuido a la dominante,,prior,18642.0
CCAA_consolidadas_FY2024.pdf,balance,20,PATRIMONIO NETO,Patrimonio neto atribuido a los minoritarios,,current,0.0
CCAA_consolidadas_FY2024.pdf,balance,20,PATRIMONIO NETO,Patrimonio neto atribuido a los minoritarios,,prior,30.0
CCAA_consolidadas_FY2024.pdf,balance,20,PASIVOS NO CORRIENTES,PASIVOS NO CORRIENTES,,current,4851.0
CCAA_consolidadas_FY2024.pdf,balance,20,PASIVOS NO CORRIENTES,PASIVOS NO CORRIENTES,,prior,5126.0
CCAA_consolidadas_FY2024.pdf,balance,20,PASIVOS NO CORRIENTES,Provisiones,22,current,348.0
CCAA_consolidadas_FY2024.pdf,balance,20,PASIVOS NO CORRIENTES,Provisiones,22,prior,362.0
CCAA_consolidadas_FY2024.pdf,balance,20,PASIVOS NO CORRIENTES,Otros pasivos a largo plazo,23,current,251.0
CCAA_consolidadas_FY2024.pdf,balance,20,PASIVOS NO CORRIENTES,Otros pasivos a largo plazo,23,prior,248.0
CCAA_consolidadas_FY2024.pdf,balance,20,PASIVOS NO CORRIENTES,Deuda financiera,21,current,0.0
CCAA_consolidadas_FY2024.pdf,balance,20,PASIVOS NO CORRIENTES,Deuda financiera,21,prior,0.0
CCAA_consolidadas_FY2024.pdf,balance,20,PASIVOS NO CORRIENTES,Pasivo por arrendamiento a largo plazo,16,current,4180.0
CCAA_consolidadas_FY2024.pdf,balance,20,PASIVOS NO CORRIENTES,Pasivo por arrendamiento a largo plazo,16,prior,4123.0
CCAA_consolidadas_FY2024.pdf,balance,20,PASIVOS NO CORRIENTES,Pasivos por impuestos diferidos,25,current,72.0
CCAA_consolidadas_FY2024.pdf,balance,20,PASIVOS NO CORRIENTES,Pasivos por impuestos diferidos,25,prior,394.0
CCAA_consolidadas_FY2024.pdf,balance,20,PASIVOS CORRIENTES,PASIVOS CORRIENTES,,current,10187.0
CCAA_consolidadas_FY2024.pdf,balance,20,PASIVOS CORRIENTES,PASIVOS CORRIENTES,,prior,8937.0
CCAA_consolidadas_FY2024.pdf,balance,20,PASIVOS CORRIENTES,Deuda financiera,21,current,7.0
CCAA_consolidadas_FY2024.pdf,balance,20,PASIVOS CORRIENTES,Deuda financiera,21,prior,16.0
CCAA_consolidadas_FY2024.pdf,balance,20,PASIVOS CORRIENTES,Otros pasivos financieros,26,current,48.0
CCAA_consolidadas_FY2024.pdf,balance,20,PASIVOS CORRIENTES,Otros pasivos financieros,26,prior,26.0
CCAA_consolidadas_FY2024.pdf,balance,20,PASIVOS CORRIENTES,Pasivo por arrendamiento a corto plazo,16,current,1542.0
CCAA_consolidadas_FY2024.pdf,balance,20,PASIVOS CORRIENTES,Pasivo por arrendamiento a corto plazo,16,prior,1428.0
CCAA_consolidadas_FY2024.pdf,balance,20,PASIVOS CORRIENTES,Pasivos por impuestos sobre beneficios corriente,25,current,312.0
CCAA_consolidadas_FY2024.pdf,balance,20,PASIVOS CORRIENTES,Pasivos por impuestos sobre beneficios corriente,25,prior,395.0
CCAA_consolidadas_FY2024.pdf,balance,20,PASIVOS CORRIENTES,Acreedores,20,current,8278.0
CCAA_consolidadas_FY2024.pdf,balance,20,PASIVOS CORRIENTES,Acreedores,20,prior,7072.0
CCAA_consolidadas_FY2024.pdf,balance,20,PASIVOS CORRIENTES,TOTAL PASIVO Y PATRIMONIO NETO,,current,34714.0
CCAA_consolidadas_FY2024.pdf,balance,20,PASIVOS CORRIENTES,TOTAL PASIVO Y PATRIMONIO NETO,,prior,32735.0
CCAA_consolidadas_FY2024.pdf,flujos,22,,(Cifras en millones de euros) (Notas),,current,2024.0
CCAA_consolidadas_FY2024.pdf,flujos,22,,(Cifras en millones de euros) (Notas),,prior,2023.0
CCAA_consolidadas_FY2024.pdf,flujos,22,,Resultado antes de impuestos y minoritarios,,current,7577.0
CCAA_consolidadas_FY2024.pdf,flujos,22,,Resultado antes de impuestos y minoritarios,,prior,6870.0
CCAA_consolidadas_FY2024.pdf,flujos,22,,Amortizaciones y depreciaciones,8,current,3174.0
CCAA_consolidadas_FY2024.pdf,flujos,22,,Amortizaciones y depreciaciones,8,prior,3041.0
CCAA_consolidadas_FY2024.pdf,flujos,22,,Provisiones por deterioro de valor,,current,39.0
CCAA_consolidadas_FY2024.pdf,flujos,22,,Provisiones por deterioro de valor,,prior,24.0
CCAA_consolidadas_FY2024.pdf,flujos,22,,Resultados por puesta en equivalencia,18,current,-99.0
CCAA_consolidadas_FY2024.pdf,flujos,22,,Resultados por puesta en equivalencia,18,prior,-72.0
CCAA_consolidadas_FY2024.pdf,flujos,22,,Gasto financiero por arrendamiento,9,current,223.0
CCAA_consolidadas_FY2024.pdf,flujos,22,,Gasto financiero por arrendamiento,9,prior,196.0
CCAA_consolidadas_FY2024.pdf,flujos,22,,Otros,,current,111.0
CCAA_consolidadas_FY2024.pdf,flujos,22,,Otros,,prior,125.0
CCAA_consolidadas_FY2024.pdf,flujos,22,,Impuesto sobre beneficios pagado,,current,-1539.0
CCAA_consolidadas_FY2024.pdf,flujos,22,,Impuesto sobre beneficios pagado,,prior,-1460.0
CCAA_consolidadas_FY2024.pdf,flujos,22,,Flujos generados,,current,9486.0
CCAA_consolidadas_FY2024.pdf,flujos,22,,Flujos generados,,prior,8723.0
CCAA_consolidadas_FY2024.pdf,flujos,22,,Existencias,,current,-427.0
CCAA_consolidadas_FY2024.pdf,flujos,22,,Existencias,,prior,130.0
CCAA_consolidadas_FY2024.pdf,flujos,22,,Deudores y otros activos corrientes,,current,-164.0
CCAA_consolidadas_FY2024.pdf,flujos,22,,Deudores y otros activos corrientes,,prior,-341.0
CCAA_consolidadas_FY2024.pdf,flujos,22,,Acreedores a corto plazo,,current,392.0
CCAA_consolidadas_FY2024.pdf,flujos,22,,Acreedores a corto plazo,,prior,154.0
CCAA_consolidadas_FY2024.pdf,flujos,22,,Variación del circulante,,current,-198.0
CCAA_consolidadas_FY2024.pdf,flujos,22,,Variación del circulante,,prior,-56.0
CCAA_consolidadas_FY2024.pdf,flujos,22,,Flujos derivados de las actividades de explotación,,current,9288.0
CCAA_consolidadas_FY2024.pdf,flujos,22,,Flujos derivados de las actividades de explotación,,prior,8667.0
CCAA_consolidadas_FY2024.pdf,flujos,22,,Pagos por inversiones en inmovilizado intangible,,current,-465.0
CCAA_consolidadas_FY2024.pdf,flujos,22,,Pagos por inversiones en inmovilizado intangible,,prior,-473.0
CCAA_consolidadas_FY2024.pdf,flujos,22,,Pagos por inversiones en inmovilizado material,,current,-2207.0
CCAA_consolidadas_FY2024.pdf,flujos,22,,Pagos por inversiones en inmovilizado material,,prior,-1399.0
CCAA_consolidadas_FY2024.pdf,flujos,22,,Pagos por inversión en sociedades,,current,-14.0
CCAA_consolidadas_FY2024.pdf,flujos,22,,Pagos por inversión en sociedades,,prior,0.0
CCAA_consolidadas_FY2024.pdf,flujos,22,,Cobros por inversiones en otro inmovilizado financiero,,current,55.0
CCAA_consolidadas_FY2024.pdf,flujos,22,,Cobros por inversiones en otro inmovilizado financiero,,prior,78.0
CCAA_consolidadas_FY2024.pdf,flujos,22,,Pagos por inversiones en otro inmovilizado financiero,,current,-4.0
CCAA_consolidadas_FY2024.pdf,flujos,22,,Pagos por inversiones en otro inmovilizado financiero,,prior,-17.0
CCAA_consolidadas_FY2024.pdf,flujos,22,,Pagos por inversiones en otros activos,19,current,-10.0
CCAA_consolidadas_FY2024.pdf,flujos,22,,Pagos por inversiones en otros activos,19,prior,-17.0
CCAA_consolidadas_FY2024.pdf,flujos,22,,Cobros por inversiones en otros activos,19,current,61.0
CCAA_consolidadas_FY2024.pdf,flujos,22,,Cobros por inversiones en otros activos,19,prior,11.0
CCAA_consolidadas_FY2024.pdf,flujos,22,,Variaciones de inversiones financieras temporales,,current,-705.0
CCAA_consolidadas_FY2024.pdf,flujos,22,,Variaciones de inversiones financieras temporales,,prior,107.0
CCAA_consolidadas_FY2024.pdf,flujos,22,,Flujos derivados de actividades de inversión,,current,-3288.0
CCAA_consolidadas_FY2024.pdf,flujos,22,,Flujos derivados de actividades de inversión,,prior,-1709.0
CCAA_consolidadas_FY2024.pdf,flujos,22,,Pagos por endeudamiento financiero a largo plazo,,current,0.0
CCAA_consolidadas_FY2024.pdf,flujos,22,,Pagos por endeudamiento financiero a largo plazo,,prior,-1.0
CCAA_consolidadas_FY2024.pdf,flujos,22,,Variación endeudamiento financiero a corto plazo,,current,-8.0
CCAA_consolidadas_FY2024.pdf,flujos,22,,Variación endeudamiento financiero a corto plazo,,prior,4.0
CCAA_consolidadas_FY2024.pdf,flujos,22,,Pagos por arrendamiento renta fija,,current,-1802.0
CCAA_consolidadas_FY2024.pdf,flujos,22,,Pagos por arrendamiento renta fija,,prior,-1733.0
CCAA_consolidadas_FY2024.pdf,flujos,22,,Dividendos,,current,-4797.0
CCAA_consolidadas_FY2024.pdf,flujos,22,,Dividendos,,prior,-3744.0
CCAA_consolidadas_FY2024.pdf,flujos,22,,Flujos empleados en actividades de financiación,,current,-6607.0
CCAA_consolidadas_FY2024.pdf,flujos,22,,Flujos empleados en actividades de financiación,,prior,-5473.0
CCAA_consolidadas_FY2024.pdf,flujos,22,,Variación neta de efectivo y equivalentes,,current,-607.0
CCAA_consolidadas_FY2024.pdf,flujos,22,,Variación neta de efectivo y equivalentes,,prior,1484.0
CCAA_consolidadas_FY2024.pdf,flujos,22,,Efectivo y equivalentes al inicio del ejercicio,21,current,7007.0
CCAA_consolidadas_FY2024.pdf,flujos,22,,Efectivo y equivalentes al inicio del ejercicio,21,prior,5561.0
CCAA_consolidadas_FY2024.pdf,flujos,22,,Efectos de las variaciones en los tipos de cambio en el efectivo y equivalentes,,current,-18.0
CCAA_consolidadas_FY2024.pdf,flujos,22,,Efectos de las variaciones en los tipos de cambio en el efectivo y equivalentes,,prior,-38.0
CCAA_consolidadas_FY2024.pdf,flujos,22,,Efectivo y equivalentes al cierre del ejercicio,21,current,6382.0
CCAA_consolidadas_FY2024.pdf,flujos,22,,Efectivo y equivalentes al cierre del ejercicio,21,prior,7007.0
CCAA_consolidadas_FY2025.pdf,pyg,16,,(Cifras en millones de euros) (Notas),,current,2025.0
CCAA_consolidadas_FY2025.pdf,pyg,16,,(Cifras en millones de euros) (Notas),,prior,2024.0
CCAA_consolidadas_FY2025.pdf,pyg,16,,Ventas,4,current,39864.0
CCAA_consolidadas_FY2025.pdf,pyg,16,,Ventas,4,prior,38632.0
CCAA_consolidadas_FY2025.pdf,pyg,16,,Coste de la mercancía,5,current,-16642.0
CCAA_consolidadas_FY2025.pdf,pyg,16,,Coste de la mercancía,5,prior,-16288.0
CCAA_consolidadas_FY2025.pdf,pyg,16,,MARGEN BRUTO,,current,23222.0
CCAA_consolidadas_FY2025.pdf,pyg,16,,MARGEN BRUTO,,prior,22343.0
CCAA_consolidadas_FY2025.pdf,pyg,16,,Gastos de explotación,6,current,-11878.0
CCAA_consolidadas_FY2025.pdf,pyg,16,,Gastos de explotación,6,prior,-11555.0
CCAA_consolidadas_FY2025.pdf,pyg,16,,Otras pérdidas y ganancias netas,7,current,-77.0
CCAA_consolidadas_FY2025.pdf,pyg,16,,Otras pérdidas y ganancias netas,7,prior,-60.0
CCAA_consolidadas_FY2025.pdf,pyg,16,,RESULTADO OPERATIVO (EBITDA),,current,11267.0
CCAA_consolidadas_FY2025.pdf,pyg,16,,RESULTADO OPERATIVO (EBITDA),,prior,10728.0
CCAA_consolidadas_FY2025.pdf,pyg,16,,Amortizaciones y depreciaciones,8,current,-3270.0
CCAA_consolidadas_FY2025.pdf,pyg,16,,Amortizaciones y depreciaciones,8,prior,-3174.0
CCAA_consolidadas_FY2025.pdf,pyg,16,,RESULTADOS DE EXPLOTACIÓN (EBIT),,current,7997.0
CCAA_consolidadas_FY2025.pdf,pyg,16,,RESULTADOS DE EXPLOTACIÓN (EBIT),,prior,7554.0
CCAA_consolidadas_FY2025.pdf,pyg,16,,Resultados financieros,9,current,-80.0
CCAA_consolidadas_FY2025.pdf,pyg,16,,Resultados financieros,9,prior,-77.0
CCAA_consolidadas_FY2025.pdf,pyg,16,,Resultados de inversiones contabilizadas por el método de la participación,18,current,102.0
CCAA_consolidadas_FY2025.pdf,pyg,16,,Resultados de inversiones contabilizadas por el método de la participación,18,prior,99.0
CCAA_consolidadas_FY2025.pdf,pyg,16,,RESULTADOS ANTES DE IMPUESTOS (BAI),,current,8020.0
CCAA_consolidadas_FY2025.pdf,pyg,16,,RESULTADOS ANTES DE IMPUESTOS (BAI),,prior,7577.0
CCAA_consolidadas_FY2025.pdf,pyg,16,,Impuesto sobre beneficios,25,current,-1800.0
CCAA_consolidadas_FY2025.pdf,pyg,16,,Impuesto sobre beneficios,25,prior,-1700.0
CCAA_consolidadas_FY2025.pdf,pyg,16,,RESULTADO NETO DEL EJERCICIO,,current,6220.0
CCAA_consolidadas_FY2025.pdf,pyg,16,,RESULTADO NETO DEL EJERCICIO,,prior,5877.0
CCAA_consolidadas_FY2025.pdf,pyg,16,,RESULTADO ATRIBUIDO A ACCIONISTAS MINORITARIOS,,current,0.0
CCAA_consolidadas_FY2025.pdf,pyg,16,,RESULTADO ATRIBUIDO A ACCIONISTAS MINORITARIOS,,prior,11.0
CCAA_consolidadas_FY2025.pdf,pyg,16,,RESULTADO NETO ATRIBUIDO A LA SOCIEDAD DOMINANTE,,current,6220.0
CCAA_consolidadas_FY2025.pdf,pyg,16,,RESULTADO NETO ATRIBUIDO A LA SOCIEDAD DOMINANTE,,prior,5866.0
CCAA_consolidadas_FY2025.pdf,pyg,16,,"BENEFICIO POR ACCIÓN, en euros",10,current,1.996
CCAA_consolidadas_FY2025.pdf,pyg,16,,"BENEFICIO POR ACCIÓN, en euros",10,prior,1.884
CCAA_consolidadas_FY2025.pdf,balance,20,,ACTIVO,,current,0.0
CCAA_consolidadas_FY2025.pdf,balance,20,,ACTIVO,,prior,0.0
CCAA_consolidadas_FY2025.pdf,balance,20,ACTIVOS NO CORRIENTES,ACTIVOS NO CORRIENTES,,current,19947.0
CCAA_consolidadas_FY2025.pdf,balance,20,ACTIVOS NO CORRIENTES,ACTIVOS NO CORRIENTES,,prior,18358.0
CCAA_consolidadas_FY2025.pdf,balance,20,ACTIVOS NO CORRIENTES,Derecho de uso,16,current,5542.0
CCAA_consolidadas_FY2025.pdf,balance,20,ACTIVOS NO CORRIENTES,Derecho de uso,16,prior,5269.0
CCAA_consolidadas_FY2025.pdf,balance,20,ACTIVOS NO CORRIENTES,Otros activos intangibles,15,current,1643.0
CCAA_consolidadas_FY2025.pdf,balance,20,ACTIVOS NO CORRIENTES,Otros activos intangibles,15,prior,1411.0
CCAA_consolidadas_FY2025.pdf,balance,20,ACTIVOS NO CORRIENTES,Fondo de comercio,17,current,197.0
CCAA_consolidadas_FY2025.pdf,balance,20,ACTIVOS NO CORRIENTES,Fondo de comercio,17,prior,196.0
CCAA_consolidadas_FY2025.pdf,balance,20,ACTIVOS NO CORRIENTES,Inmovilizado material,14,current,11135.0
CCAA_consolidadas_FY2025.pdf,balance,20,ACTIVOS NO CORRIENTES,Inmovilizado material,14,prior,10005.0
CCAA_consolidadas_FY2025.pdf,balance,20,ACTIVOS NO CORRIENTES,Propiedades de inversión,,current,6.0
CCAA_consolidadas_FY2025.pdf,balance,20,ACTIVOS NO CORRIENTES,Propiedades de inversión,,prior,9.0
CCAA_consolidadas_FY2025.pdf,balance,20,ACTIVOS NO CORRIENTES,Inversiones financieras,18,current,471.0
CCAA_consolidadas_FY2025.pdf,balance,20,ACTIVOS NO CORRIENTES,Inversiones financieras,18,prior,450.0
CCAA_consolidadas_FY2025.pdf,balance,20,ACTIVOS NO CORRIENTES,Otros activos no corrientes,19,current,203.0
CCAA_consolidadas_FY2025.pdf,balance,20,ACTIVOS NO CORRIENTES,Otros activos no corrientes,19,prior,217.0
CCAA_consolidadas_FY2025.pdf,balance,20,ACTIVOS NO CORRIENTES,Activos por impuesto diferidos,25,current,750.0
CCAA_consolidadas_FY2025.pdf,balance,20,ACTIVOS NO CORRIENTES,Activos por impuesto diferidos,25,prior,800.0
CCAA_consolidadas_FY2025.pdf,balance,20,ACTIVOS CORRIENTES,ACTIVOS CORRIENTES,,current,15691.0
CCAA_consolidadas_FY2025.pdf,balance,20,ACTIVOS CORRIENTES,ACTIVOS CORRIENTES,,prior,16356.0
CCAA_consolidadas_FY2025.pdf,balance,20,ACTIVOS CORRIENTES,Existencias,13,current,3249.0
CCAA_consolidadas_FY2025.pdf,balance,20,ACTIVOS CORRIENTES,Existencias,13,prior,3321.0
CCAA_consolidadas_FY2025.pdf,balance,20,ACTIVOS CORRIENTES,Deudores,12,current,1166.0
CCAA_consolidadas_FY2025.pdf,balance,20,ACTIVOS CORRIENTES,Deudores,12,prior,1088.0
CCAA_consolidadas_FY2025.pdf,balance,20,ACTIVOS CORRIENTES,Activos por impuesto sobre beneficios corriente,25,current,197.0
CCAA_consolidadas_FY2025.pdf,balance,20,ACTIVOS CORRIENTES,Activos por impuesto sobre beneficios corriente,25,prior,326.0
CCAA_consolidadas_FY2025.pdf,balance,20,ACTIVOS CORRIENTES,Otros activos corrientes,,current,112.0
CCAA_consolidadas_FY2025.pdf,balance,20,ACTIVOS CORRIENTES,Otros activos corrientes,,prior,94.0
CCAA_consolidadas_FY2025.pdf,balance,20,ACTIVOS CORRIENTES,Otros activos financieros,26,current,8.0
CCAA_consolidadas_FY2025.pdf,balance,20,ACTIVOS CORRIENTES,Otros activos financieros,26,prior,25.0
CCAA_consolidadas_FY2025.pdf,balance,20,ACTIVOS CORRIENTES,Inversiones financieras temporales,21,current,5684.0
CCAA_consolidadas_FY2025.pdf,balance,20,ACTIVOS CORRIENTES,Inversiones financieras temporales,21,prior,5120.0
CCAA_consolidadas_FY2025.pdf,balance,20,ACTIVOS CORRIENTES,Efectivo y equivalentes,21,current,5276.0
CCAA_consolidadas_FY2025.pdf,balance,20,ACTIVOS CORRIENTES,Efectivo y equivalentes,21,prior,6382.0
CCAA_consolidadas_FY2025.pdf,balance,20,ACTIVOS CORRIENTES,TOTAL ACTIVO,,current,35638.0
CCAA_consolidadas_FY2025.pdf,balance,20,ACTIVOS CORRIENTES,TOTAL ACTIVO,,prior,34714.0
CCAA_consolidadas_FY2025.pdf,balance,20,ACTIVOS CORRIENTES,PASIVO Y PATRIMONIO NETO,,current,0.0
CCAA_consolidadas_FY2025.pdf,balance,20,ACTIVOS CORRIENTES,PASIVO Y PATRIMONIO NETO,,prior,0.0
CCAA_consolidadas_FY2025.pdf,balance,20,PATRIMONIO NETO,PATRIMONIO NETO,,current,20395.0
CCAA_consolidadas_FY2025.pdf,balance,20,PATRIMONIO NETO,PATRIMONIO NETO,,prior,19676.0
CCAA_consolidadas_FY2025.pdf,balance,20,PATRIMONIO NETO,Patrimonio neto atribuido a la sociedad dominante,,current,20395.0
CCAA_consolidadas_FY2025.pdf,balance,20,PATRIMONIO NETO,Patrimonio neto atribuido a la sociedad dominante,,prior,19676.0
CCAA_consolidadas_FY2025.pdf,balance,20,PATRIMONIO NETO,Patrimonio neto atribuido a los minoritarios,,current,0.0
CCAA_consolidadas_FY2025.pdf,balance,20,PATRIMONIO NETO,Patrimonio neto atribuido a los minoritarios,,prior,0.0
CCAA_consolidadas_FY2025.pdf,balance,20,PASIVOS NO CORRIENTES,PASIVOS NO CORRIENTES,,current,5071.0
CCAA_consolidadas_FY2025.pdf,balance,20,PASIVOS NO CORRIENTES,PASIVOS NO CORRIENTES,,prior,4851.0
CCAA_consolidadas_FY2025.pdf,balance,20,PASIVOS NO CORRIENTES,Provisiones,22,current,345.0
CCAA_consolidadas_FY2025.pdf,balance,20,PASIVOS NO CORRIENTES,Provisiones,22,prior,348.0
CCAA_consolidadas_FY2025.pdf,balance,20,PASIVOS NO CORRIENTES,Otros pasivos a largo plazo,23,current,231.0
CCAA_consolidadas_FY2025.pdf,balance,20,PASIVOS NO CORRIENTES,Otros pasivos a largo plazo,23,prior,251.0
CCAA_consolidadas_FY2025.pdf,balance,20,PASIVOS NO CORRIENTES,Deuda financiera,21,current,0.0
CCAA_consolidadas_FY2025.pdf,balance,20,PASIVOS NO CORRIENTES,Deuda financiera,21,prior,0.0
CCAA_consolidadas_FY2025.pdf,balance,20,PASIVOS NO CORRIENTES,Pasivo por arrendamiento a largo plazo,16,current,4394.0
CCAA_consolidadas_FY2025.pdf,balance,20,PASIVOS NO CORRIENTES,Pasivo por arrendamiento a largo plazo,16,prior,4180.0
CCAA_consolidadas_FY2025.pdf,balance,20,PASIVOS NO CORRIENTES,Pasivos por impuesto diferidos,25,current,101.0
CCAA_consolidadas_FY2025.pdf,balance,20,PASIVOS NO CORRIENTES,Pasivos por impuesto diferidos,25,prior,72.0
CCAA_consolidadas_FY2025.pdf,balance,20,PASIVOS CORRIENTES,PASIVOS CORRIENTES,,current,10172.0
CCAA_consolidadas_FY2025.pdf,balance,20,PASIVOS CORRIENTES,PASIVOS CORRIENTES,,prior,10187.0
CCAA_consolidadas_FY2025.pdf,balance,20,PASIVOS CORRIENTES,Deuda financiera,21,current,2.0
CCAA_consolidadas_FY2025.pdf,balance,20,PASIVOS CORRIENTES,Deuda financiera,21,prior,7.0
CCAA_consolidadas_FY2025.pdf,balance,20,PASIVOS CORRIENTES,Otros pasivos financieros,26,current,43.0
CCAA_consolidadas_FY2025.pdf,balance,20,PASIVOS CORRIENTES,Otros pasivos financieros,26,prior,48.0
CCAA_consolidadas_FY2025.pdf,balance,20,PASIVOS CORRIENTES,Pasivo por arrendamiento a corto plazo,16,current,1539.0
CCAA_consolidadas_FY2025.pdf,balance,20,PASIVOS CORRIENTES,Pasivo por arrendamiento a corto plazo,16,prior,1542.0
CCAA_consolidadas_FY2025.pdf,balance,20,PASIVOS CORRIENTES,Pasivos por impuesto sobre beneficios corriente,25,current,318.0
CCAA_consolidadas_FY2025.pdf,balance,20,PASIVOS CORRIENTES,Pasivos por impuesto sobre beneficios corriente,25,prior,312.0
CCAA_consolidadas_FY2025.pdf,balance,20,PASIVOS CORRIENTES,Acreedores,20,current,8269.0
CCAA_consolidadas_FY2025.pdf,balance,20,PASIVOS CORRIENTES,Acreedores,20,prior,8278.0
CCAA_consolidadas_FY2025.pdf,balance,20,PASIVOS CORRIENTES,TOTAL PASIVO Y PATRIMONIO NETO,,current,35638.0
CCAA_consolidadas_FY2025.pdf,balance,20,PASIVOS CORRIENTES,TOTAL PASIVO Y PATRIMONIO NETO,,prior,34714.0
CCAA_consolidadas_FY2025.pdf,flujos,22,,(Cifras en millones de euros) (Notas),,current,2025.0
CCAA_consolidadas_FY2025.pdf,flujos,22,,(Cifras en millones de euros) (Notas),,prior,2024.0
CCAA_consolidadas_FY2025.pdf,flujos,22,,Resultado antes de impuestos,,current,8020.0
CCAA_consolidadas_FY2025.pdf,flujos,22,,Resultado antes de impuestos,,prior,7577.0
CCAA_consolidadas_FY2025.pdf,flujos,22,,Ajustes al resultado,,current,0.0
CCAA_consolidadas_FY2025.pdf,flujos,22,,Ajustes al resultado,,prior,0.0
CCAA_consolidadas_FY2025.pdf,flujos,22,,Amortizaciones y depreciaciones,8,current,3270.0
CCAA_consolidadas_FY2025.pdf,flujos,22,,Amortizaciones y depreciaciones,8,prior,3174.0
CCAA_consolidadas_FY2025.pdf,flujos,22,,Provisiones por deterioro de valor,,current,13.0
CCAA_consolidadas_FY2025.pdf,flujos,22,,Provisiones por deterioro de valor,,prior,39.0
CCAA_consolidadas_FY2025.pdf,flujos,22,,Resultados de inversiones contabilizadas por el método de la participación,18,current,-102.0
CCAA_consolidadas_FY2025.pdf,flujos,22,,Resultados de inversiones contabilizadas por el método de la participación,18,prior,-99.0
CCAA_consolidadas_FY2025.pdf,flujos,22,,Gasto financiero por arrendamiento,9,current,215.0
CCAA_consolidadas_FY2025.pdf,flujos,22,,Gasto financiero por arrendamiento,9,prior,223.0
CCAA_consolidadas_FY2025.pdf,flujos,22,,Otros,,current,204.0
CCAA_consolidadas_FY2025.pdf,flujos,22,,Otros,,prior,111.0
CCAA_consolidadas_FY2025.pdf,flujos,22,,Impuesto sobre beneficios pagado,,current,-1585.0
CCAA_consolidadas_FY2025.pdf,flujos,22,,Impuesto sobre beneficios pagado,,prior,-1539.0
CCAA_consolidadas_FY2025.pdf,flujos,22,,Flujos generados,,current,10034.0
CCAA_consolidadas_FY2025.pdf,flujos,22,,Flujos generados,,prior,9486.0
CCAA_consolidadas_FY2025.pdf,flujos,22,,Variación en activos y pasivos,,current,0.0
CCAA_consolidadas_FY2025.pdf,flujos,22,,Variación en activos y pasivos,,prior,0.0
CCAA_consolidadas_FY2025.pdf,flujos,22,,Existencias,,current,9.0
CCAA_consolidadas_FY2025.pdf,flujos,22,,Existencias,,prior,-427.0
CCAA_consolidadas_FY2025.pdf,flujos,22,,Deudores y otros activos corrientes,,current,-149.0
CCAA_consolidadas_FY2025.pdf,flujos,22,,Deudores y otros activos corrientes,,prior,-164.0
CCAA_consolidadas_FY2025.pdf,flujos,22,,Acreedores a corto plazo,,current,-663.0
CCAA_consolidadas_FY2025.pdf,flujos,22,,Acreedores a corto plazo,,prior,392.0
CCAA_consolidadas_FY2025.pdf,flujos,22,,Variación del circulante,,current,-803.0
CCAA_consolidadas_FY2025.pdf,flujos,22,,Variación del circulante,,prior,-198.0
CCAA_consolidadas_FY2025.pdf,flujos,22,,Flujos derivados de las actividades de explotación,,current,9232.0
CCAA_consolidadas_FY2025.pdf,flujos,22,,Flujos derivados de las actividades de explotación,,prior,9288.0
CCAA_consolidadas_FY2025.pdf,flujos,22,,Pagos por inversiones en inmovilizado intangible,,current,-519.0
CCAA_consolidadas_FY2025.pdf,flujos,22,,Pagos por inversiones en inmovilizado intangible,,prior,-465.0
CCAA_consolidadas_FY2025.pdf,flujos,22,,Pagos por inversiones en inmovilizado material,,current,-2193.0
CCAA_consolidadas_FY2025.pdf,flujos,22,,Pagos por inversiones en inmovilizado material,,prior,-2207.0
CCAA_consolidadas_FY2025.pdf,flujos,22,,Pagos por inversión en sociedades,,current,-16.0
CCAA_consolidadas_FY2025.pdf,flujos,22,,Pagos por inversión en sociedades,,prior,-14.0
CCAA_consolidadas_FY2025.pdf,flujos,22,,Cobros por inversiones en otro inmovilizado financiero,,current,60.0
CCAA_consolidadas_FY2025.pdf,flujos,22,,Cobros por inversiones en otro inmovilizado financiero,,prior,55.0
CCAA_consolidadas_FY2025.pdf,flujos,22,,Pagos por inversiones en otro inmovilizado financiero,,current,-6.0
CCAA_consolidadas_FY2025.pdf,flujos,22,,Pagos por inversiones en otro inmovilizado financiero,,prior,-4.0
CCAA_consolidadas_FY2025.pdf,flujos,22,,Pagos por inversiones en otros activos,19,current,-10.0
CCAA_consolidadas_FY2025.pdf,flujos,22,,Pagos por inversiones en otros activos,19,prior,-10.0
CCAA_consolidadas_FY2025.pdf,flujos,22,,Cobros por inversiones en otros activos,19,current,13.0
CCAA_consolidadas_FY2025.pdf,flujos,22,,Cobros por inversiones en otros activos,19,prior,61.0
CCAA_consolidadas_FY2025.pdf,flujos,22,,Variaciones de inversiones financieras temporales,,current,-545.0
CCAA_consolidadas_FY2025.pdf,flujos,22,,Variaciones de inversiones financieras temporales,,prior,-705.0
CCAA_consolidadas_FY2025.pdf,flujos,22,,Flujos derivados de actividades de inversión,,current,-3215.0
CCAA_consolidadas_FY2025.pdf,flujos,22,,Flujos derivados de actividades de inversión,,prior,-3288.0
CCAA_consolidadas_FY2025.pdf,flujos,22,,Variación endeudamiento financiero a corto plazo,,current,-5.0
CCAA_consolidadas_FY2025.pdf,flujos,22,,Variación endeudamiento financiero a corto plazo,,prior,-8.0
CCAA_consolidadas_FY2025.pdf,flujos,22,,Pagos por arrendamiento renta fija,,current,-1834.0
CCAA_consolidadas_FY2025.pdf,flujos,22,,Pagos por arrendamiento renta fija,,prior,-1802.0
CCAA_consolidadas_FY2025.pdf,flujos,22,,Dividendos,,current,-5235.0
CCAA_consolidadas_FY2025.pdf,flujos,22,,Dividendos,,prior,-4797.0
CCAA_consolidadas_FY2025.pdf,flujos,22,,Flujos empleados en actividades de financiación,,current,-7075.0
CCAA_consolidadas_FY2025.pdf,flujos,22,,Flujos empleados en actividades de financiación,,prior,-6607.0
CCAA_consolidadas_FY2025.pdf,flujos,22,,Variación neta de efectivo y equivalentes,,current,-1058.0
CCAA_consolidadas_FY2025.pdf,flujos,22,,Variación neta de efectivo y equivalentes,,prior,-607.0
CCAA_consolidadas_FY2025.pdf,flujos,22,,Efectivo y equivalentes al inicio del ejercicio,21,current,6382.0
CCAA_consolidadas_FY2025.pdf,flujos,22,,Efectivo y equivalentes al inicio del ejercicio,21,prior,7007.0
CCAA_consolidadas_FY2025.pdf,flujos,22,,Efectos de las variaciones en los tipos de cambio en el efectivo y equivalentes,,current,-48.0
CCAA_consolidadas_FY2025.pdf,flujos,22,,Efectos de las variaciones en los tipos de cambio en el efectivo y equivalentes,,prior,-18.0
CCAA_consolidadas_FY2025.pdf,flujos,22,,Efectivo y equivalentes al cierre del ejercicio,21,current,5276.0
CCAA_consolidadas_FY2025.pdf,flujos,22,,Efectivo y equivalentes al cierre del ejercicio,21,prior,6382.0
