indice,frecuencia,periodo,n,beta,error_tipico,ic95_bajo,ic95_alto,r2,beta_ajustada_blume
EURO STOXX 50,semanal,5 años,262,0.9505788205536435,0.07658479287552984,0.800472626517605,1.100685014589682,0.37207237422351613,0.9668878097709412
EURO STOXX 50,semanal,2 años,105,1.0660622290713044,0.13866857019626747,0.7942718314866202,1.3378526266559887,0.3646012584458763,1.044261693477774
STOXX Europe 600,semanal,5 años,262,1.0751122982877495,0.09536472559793291,0.8881974361158009,1.262027160459698,0.3283321170155112,1.0503252398527922
STOXX Europe 600,semanal,2 años,105,1.1922459074610698,0.1635909411778146,0.8716076627525532,1.5128841521695864,0.3402278875044171,1.1288047579989169
IBEX 35,semanal,5 años,262,1.0788922033961181,0.07368043947066072,0.9344785420336231,1.223305864758613,0.4519546411325405,1.0528577762753992
IBEX 35,semanal,2 años,105,1.1720174588465684,0.1262063528346095,0.9246530072907337,1.419381910402403,0.4557158833078363,1.1152516974272009
MSCI World (ETF URTH),semanal,5 años,0,,,,,,
MSCI World (ETF URTH),semanal,2 años,0,,,,,,
EURO STOXX 50,mensual,5 años,60,1.1345500141621954,0.1675258015384079,0.8061994431469159,1.4629005851774748,0.4415842343836217,1.090148509488671
EURO STOXX 50,mensual,2 años,25,1.2604664078935448,0.3042112827295753,0.6642122937435772,1.8567205220435126,0.42740051118706585,1.174512493288675
STOXX Europe 600,mensual,5 años,60,1.226311392408704,0.20865033254343315,0.8173567406235749,1.635266044193833,0.37326610372192137,1.1516286329138317
STOXX Europe 600,mensual,2 años,25,1.4945498296398838,0.3376011924503365,0.8328514924372243,2.156248166842543,0.46006917788487006,1.3313483858587223
IBEX 35,mensual,5 años,60,1.156997370512381,0.17226441565894443,0.81935911582085,1.4946356252039121,0.43749437266171776,1.1051882382432954
IBEX 35,mensual,2 años,25,1.2680563409916603,0.3015710386679058,0.6769771052025649,1.8591355767807558,0.43462041566708487,1.1795977484644125
MSCI World (ETF URTH),mensual,5 años,0,,,,,,
MSCI World (ETF URTH),mensual,2 años,0,,,,,,
